Frame, FPS
1,0
2,30.59
3,34.16
4,35.34
5,35.64
6,35
7,35.22
8,34.65
9,35.94
10,34.8
11,36.26
12,35.67
13,35.68
14,35.84
15,35.53
16,33.67
17,33.37
18,34.68
19,34.05
20,35.2
21,35.56
22,35.3
23,35.8
24,35.6
25,35.02
26,36.05
27,36.17
28,36.33
29,29.9
30,35.33
31,35.6
32,35.97
33,36.65
34,35.77
35,34.29
36,35.34
37,35.61
38,35.63
39,35.79
40,35.79
41,35.41
42,36.38
43,35.99
44,35.73
45,35.89
46,36.32
47,36.72
48,36.37
49,36.21
50,35.97
51,36.77
52,34.75
53,36.3
54,35.5
55,35.6
56,35.12
57,35.92
58,33.95
59,33.73
60,33.78
61,33.77
62,33.93
63,33.43
64,33.96
65,33.98
66,33.89
67,33.33
68,33.67
69,34.3
70,34.58
71,34.3
72,34.16
73,32.64
74,32.97
75,34.26
76,33.01
77,33.34
78,33.01
79,33.71
80,32.84
81,33.24
82,33.13
83,33.24
84,32.85
85,33.12
86,32.28
87,27.71
88,32.39
89,33.02
90,33.56
91,33.35
92,33.29
93,33.35
94,33.07
95,33.92
96,33.74
97,34.05
98,33.13
99,33.42
100,33.88
101,33.59
102,33.03
103,33.52
104,33.05
105,33.91
106,31.99
107,32.45
108,33.08
109,32.88
110,33.24
111,33.02
112,33.1
113,32.97
114,33.3
115,32.56
116,32.39
117,32.25
118,32.92
119,33.43
120,33.32
121,33.04
122,33.08
123,33.18
124,33.14
125,32.85
126,32.89
127,32.17
128,32.62
129,33.1
130,32.08
131,33.55
132,32.87
133,32.44
134,32.55
135,31.15
136,32.96
137,32.71
138,32.99
139,32.06
140,31.98
141,32.86
142,32.65
143,32.32
144,33.12
145,32.14
146,32.35
147,32.08
148,32.24
149,32.4
150,32
151,32.08
152,32.18
153,32.28
154,32.6
155,32.31
156,32.2
157,32.9
158,32.07
159,32.76
160,32.24
161,31.86
162,32.64
163,32.45
164,32.79
165,32.52
166,32.02
167,32.18
168,32.41
169,32.25
170,32.05
171,31.75
172,32.13
173,32.4
174,32.14
175,31.08
176,31.8
177,31.97
178,32.45
179,32.57
180,31.79
181,32.07
182,32.11
183,32.23
184,32.26
185,32.2
186,31.66
187,31.9
188,31.59
189,32.37
190,32.33
191,32.1
192,32.51
193,31.89
194,32.37
195,32.11
196,32.4
197,32.72
198,32.88
199,32.25
200,32.01
201,31.85
202,32.12
203,32.51
204,32.47
205,32.28
206,32.48
207,32.27
208,32.35
209,32.05
210,32.62
211,32.59
212,32.71
213,33.72
214,32.58
215,33.8
216,34.01
217,33.75
218,33.22
219,33.71
220,32.92
221,33.54
222,33.98
223,33.42
224,34.04
225,33.85
226,33.88
227,34.97
228,35.65
229,35.28
230,35.74
231,34.44
232,34.47
233,34.82
234,35.1
235,34.9
236,35.44
237,33.78
238,34.32
239,34.79
240,34.42
241,34.53
242,34.11
243,34.07
244,33.72
245,34.26
246,34.29
247,34.09
248,34.81
249,34.6
250,33.64
251,34.67
252,33.73
253,33.68
254,31.65
255,34
256,34.32
257,34.66
258,34.9
259,33.26
260,32.8
261,33.21
262,31.86
263,30.88
264,31.99
265,33.28
266,32.86
267,32.75
268,32.52
269,31.31
270,31.58
271,31.26
272,31.6
273,31.89
274,31.15
275,30.9
276,31.87
277,32.48
278,31.61
279,32
280,32.44
281,31.72
282,32.43
283,31.82
284,31.85
285,31.91
286,32.58
287,32.49
288,32.62
289,32.79
290,33.59
291,33.47
292,33.55
293,33.36
294,34.41
295,33.99
296,33.67
297,34.44
298,34.68
299,34.68
300,34.51
301,34.76
302,34.45
303,34.83
304,33.89
305,34.13
306,34.38
307,35.17
308,34.1
309,34.39
310,33.94
311,34.58
312,34.67
313,34.86
314,35.44
315,34.01
316,34.22
317,34.07
318,35.05
319,33.98
320,34.44
321,34.47
322,33.82
323,34.16
324,34.3
325,34.51
326,35.01
327,34.07
328,33.37
329,35.19
330,34.4
331,33.76
332,35.53
333,35.32
334,33.59
335,34.86
336,33.45
337,33.58
338,32.98
339,33.52
340,34
341,33.22
342,33.2
343,32.8
344,32.76
345,33.71
346,33.09
347,33.07
348,32.93
349,32.8
350,33.07
351,33.1
352,33.66
353,32.4
354,33.57
355,33.09
356,32.61
357,33.26
358,32.25
359,33.02
360,33.42
361,32.74
362,32.71
363,32.66
364,32.76
365,32.82
366,33.24
367,33.09
368,32.92
369,32.79
370,33.06
371,32.22
372,32.96
373,32.59
374,32.37
375,32.98
376,32.75
377,32.88
378,33.02
379,32.74
380,33.33
381,32.9
382,32.88
383,32.72
384,32.92
385,32.54
386,33.13
387,32.7
388,32.08
389,32.82
390,32.31
391,30.03
392,30.72
393,31.19
394,32.18
395,32.72
396,32.76
397,32.46
398,32.14
399,32.78
400,31.89
401,32.4
402,32.09
403,29.09
404,32.38
405,32.46
406,32.74
407,32.15
408,32.33
409,32.29
410,32.27
411,32.57
412,31.97
413,30.94
414,32.29
415,32.49
416,32.07
417,32.83
418,31.94
419,32.17
420,32.04
421,32.52
422,31.87
423,31.86
424,32.02
425,31.75
426,32.28
427,32.1
428,32.59
429,32.04
430,32.38
431,32.04
432,31.63
433,31.82
434,32.29
435,31.63
436,31.98
437,32.72
438,32.32
439,32.55
440,32.38
441,32.64
442,31.61
443,32.73
444,32.39
445,32.87
446,31.99
447,33.16
448,30.41
449,31.87
450,31.94
451,31.79
452,30.33
453,31.48
454,30.56
455,31.17
456,32.39
457,32.38
458,31.89
459,32.1
460,32.42
461,31.64
462,32.74
463,32.46
464,31.83
465,32.58
466,32.37
467,32.37
468,31.77
469,31.19
470,30.93
471,31.12
472,31.47
473,32.37
474,32.56
475,32.37
476,32.26
477,32.84
478,31.73
479,32.6
480,31.97
481,31.83
482,32
483,32.1
484,31.42
485,32.58
486,32.28
487,32.56
488,32.98
489,32.88
490,31.1
491,32.18
492,32.05
493,31.3
494,31.33
495,31.87
496,32.08
497,31.99
498,32.93
499,32.48
500,31.98
501,32.65
502,32.61
503,31.14
504,31.24
505,32.52
506,25.02
507,25.95
Frame, FPS
1,0.00
2,64.03
3,107.60
4,102.30
5,107.93
6,103.57
7,109.27
8,109.26
9,107.41
10,113.02
11,103.92
12,108.73
13,103.83
14,106.18
15,102.67
16,106.13
17,105.88
18,124.41
19,124.65
20,129.75
21,126.35
22,123.82
23,128.12
24,125.70
25,121.84
26,129.58
27,123.89
28,122.34
29,127.61
30,128.34
31,119.45
32,131.96
33,119.49
34,134.05
35,123.36
36,134.20
37,120.44
38,126.28
39,128.30
40,127.89
41,130.62
42,135.53
43,128.38
44,128.28
45,129.39
46,127.00
47,129.52
48,128.18
49,123.31
50,121.05
51,125.97
52,119.22
53,128.15
54,119.40
55,132.37
56,123.33
57,110.18
58,89.72
59,121.58
60,117.03
61,121.98
62,115.45
63,116.46
64,125.30
65,133.04
66,123.31
67,131.70
68,123.04
69,132.22
70,122.54
71,134.71
72,134.47
73,129.37
74,138.85
75,128.63
76,129.03
77,126.62
78,129.49
79,127.47
80,138.01
81,122.99
82,124.49
83,126.51
84,129.76
85,135.87
86,134.18
87,133.17
88,132.27
89,130.34
90,131.86
91,129.73
92,127.56
93,130.08
94,126.92
95,125.58
96,122.66
97,130.94
98,135.24
99,128.60
100,132.32
101,134.22
102,128.73
103,129.09
104,137.30
105,126.42
106,134.78
107,123.88
108,133.04
109,124.40
110,139.37
111,132.71
112,133.94
113,136.15
114,126.11
115,134.88
116,125.17
117,133.99
118,121.88
119,134.52
120,123.07
121,134.01
122,130.66
123,130.03
124,131.66
125,133.83
126,127.86
127,133.41
128,134.35
129,124.86
130,135.97
131,122.98
132,138.60
133,129.32
134,135.34
135,137.78
136,131.82
137,132.62
138,133.59
139,130.82
140,120.10
141,133.65
142,123.17
143,132.77
144,124.27
145,133.43
146,128.84
147,129.85
148,132.80
149,136.08
150,128.02
151,133.04
152,134.31
153,125.45
154,133.32
155,123.71
156,132.33
157,122.48
158,137.21
159,128.76
160,136.04
161,137.72
162,137.49
163,131.07
164,121.13
165,138.24
166,122.82
167,70.11
168,132.56
169,132.87
170,135.59
171,128.45
172,130.24
173,132.39
174,130.39
175,133.58
176,121.38
177,132.60
178,123.77
179,134.51
180,78.44
181,132.88
182,122.27
183,133.58
184,123.93
185,134.06
186,123.95
187,133.94
188,123.28
189,134.18
190,127.61
191,130.93
192,131.88
193,128.38
194,132.94
195,123.63
196,132.26
197,122.32
198,134.13
199,122.76
200,134.39
201,123.44
202,133.54
203,123.23
204,133.39
205,133.62
206,129.73
207,131.32
208,134.84
209,128.81
210,129.51
211,135.39
212,122.94
213,135.02
214,122.44
215,134.45
216,123.19
217,137.28
218,137.15
219,135.75
220,128.14
221,131.35
222,136.96
223,124.81
224,134.40
225,122.90
226,134.52
227,122.66
228,134.03
229,123.36
230,134.60
231,135.69
232,136.42
233,127.63
234,130.76
235,126.91
236,132.46
237,131.71
238,129.42
239,131.68
240,121.75
241,133.60
242,133.67
243,126.37
244,134.44
245,134.00
246,130.75
247,120.59
248,133.46
249,123.74
250,133.34
251,121.06
252,133.99
253,122.95
254,133.24
255,123.66
256,133.89
257,133.81
258,129.06
259,130.45
260,135.84
261,129.11
262,127.44
263,128.94
264,127.83
265,136.03
266,125.18
267,132.65
268,121.72
269,125.67
270,132.67
271,133.53
272,133.93
273,134.83
274,131.17
275,129.63
276,128.80
277,118.34
278,74.93
279,136.14
280,136.18
281,129.11
282,131.78
283,125.15
284,133.90
285,121.88
286,133.11
287,123.05
288,131.73
289,130.64
290,132.26
291,128.13
292,128.93
293,135.85
294,133.97
295,127.49
296,127.67
297,126.51
298,130.14
299,127.06
300,127.94
301,127.94
302,126.33
303,129.30
304,127.20
305,128.42
306,137.49
307,132.62
308,127.63
309,130.13
310,132.66
311,124.67
312,133.42
313,126.44
314,133.88
315,122.50
316,134.46
317,122.00
318,134.24
319,130.27
320,130.22
321,134.07
322,134.95
323,128.66
324,128.83
325,129.78
326,129.66
327,128.26
328,125.20
329,131.13
330,128.72
331,128.86
332,128.78
333,129.39
334,130.10
335,135.64
336,137.36
337,124.98
338,135.17
339,123.59
340,133.08
341,123.39
342,135.23
343,129.32
344,130.56
345,133.51
346,136.22
347,134.75
348,126.71
349,134.91
350,125.89
351,132.39
352,124.21
353,132.90
354,123.33
355,133.91
356,130.62
357,129.08
358,131.24
359,136.16
360,128.93
361,129.54
362,136.12
363,125.28
364,138.03
365,122.00
366,133.03
367,123.45
368,138.36
369,136.61
370,136.98
371,133.58
372,124.98
373,132.09
374,132.85
375,130.76
376,130.18
377,136.87
378,125.07
379,135.96
380,128.05
381,132.98
382,131.91
383,137.42
384,130.36
385,129.18
386,129.63
387,127.87
388,140.22
389,127.82
390,132.78
391,133.58
392,136.74
393,128.39
394,132.26
395,134.74
396,126.73
397,129.11
398,126.63
399,129.09
400,132.29
401,131.00
402,130.45
403,129.59
404,131.19
405,137.64
406,126.82
407,127.97
408,137.37
409,123.29
410,135.87
411,123.18
412,135.75
413,123.70
414,133.94
415,124.12
416,134.14
417,133.76
418,136.91
419,127.11
420,132.86
421,137.66
422,131.48
423,141.09
424,125.66
425,137.56
426,56.11
427,140.26
428,131.61
429,133.27
430,126.47
431,134.34
432,129.91
433,131.69
434,119.35
435,118.98
436,113.06
437,132.09
438,118.43
439,127.27
440,115.68
441,125.86
442,116.36
443,126.64
444,124.76
445,131.06
446,118.82
447,134.06
448,118.38
449,134.04
450,123.11
451,135.79
452,134.23
453,130.70
454,133.32
455,128.94
456,131.97
457,127.61
458,134.34
459,125.16
460,138.70
461,117.37
462,129.23
463,125.66
464,126.99
465,119.82
466,132.05
467,123.87
468,131.29
469,134.38
470,131.35
471,133.35
472,121.63
473,136.46
474,122.81
475,135.60
476,121.17
477,134.70
478,121.48
479,135.49
480,129.78
481,132.64
482,128.60
483,136.72
484,124.51
485,125.49
486,133.09
487,124.40
488,130.00
489,133.30
490,132.59
491,133.35
492,132.64
493,131.20
494,130.19
495,130.37
496,138.03
497,124.72
498,123.28
499,133.29
500,123.41
501,124.87
502,117.31
503,123.72
504,128.51
505,124.05
506,130.07
507,133.56
508,127.22
509,122.89
510,130.06
511,133.95
512,124.78
513,131.79
514,129.18
515,126.66
516,126.75
517,87.33
518,123.58
519,134.33
520,126.19
521,123.60
522,127.18
523,126.24
524,128.91
525,125.12
526,123.27
527,121.14
528,120.91
529,133.15
530,124.51
531,137.60
532,132.92
533,121.44
534,128.53
535,123.65
536,132.21
537,124.49
538,131.36
539,132.38
540,128.98
541,130.21
542,127.59
543,133.39
544,137.58
545,140.59
546,134.01
547,134.81
548,131.26
549,130.21
550,133.82
551,126.80
552,122.59
553,130.73
554,132.96
555,126.24
556,130.51
557,128.05
558,132.11
559,135.51
560,126.97
561,133.01
562,136.04
563,126.03
564,123.82
565,130.68
566,130.62
567,130.75
568,129.65
569,128.53
570,131.02
571,135.73
572,122.91
573,133.91
574,126.18
575,130.81
576,139.55
577,123.16
578,134.58
579,121.09
580,134.60
581,123.40
582,134.17
583,122.31
584,139.94
585,132.12
586,136.82
587,136.72
588,130.54
589,122.86
590,119.42
591,129.55
592,134.31
593,134.92
594,129.22
595,129.45
596,126.96
597,123.63
598,130.75
599,134.28
600,124.94
601,131.61
602,134.52
603,126.75
604,123.49
605,124.96
606,127.87
607,131.28
608,137.37
609,125.69
610,134.72
611,126.25
612,132.30
613,130.18
614,129.88
615,130.75
616,132.29
617,122.53
618,128.78
619,127.14
620,133.71
621,129.68
622,132.14
623,128.47
624,131.34
625,137.51
626,135.45
627,129.68
628,129.82
629,128.08
630,129.02
631,134.45
632,127.30
633,131.19
634,136.08
635,135.61
636,130.75
637,128.42
638,126.09
639,124.66
640,128.67
641,118.44
642,127.21
643,119.35
644,123.46
645,119.65
646,124.11
647,112.86
648,116.98
649,127.36
650,125.92
651,110.24
652,129.94
653,124.15
654,121.76
655,114.25
656,122.74
657,115.74
658,120.19
659,121.02
660,125.41
661,116.65
662,106.50
663,105.24
664,122.57
665,117.94
666,108.21
667,125.12
668,118.02
669,119.92
670,112.03
671,119.18
672,124.01
673,117.04
674,120.51
675,112.46
676,122.80
677,121.78
678,128.21
679,121.55
680,114.89
681,105.65
682,115.99
683,118.27
684,129.51
685,117.97
686,130.20
687,129.95
688,117.71
689,73.38
690,117.50
691,125.20
692,121.00
693,121.26
694,116.85
695,114.94
696,123.70
697,111.51
698,116.03
699,115.65
700,122.13
701,125.80
702,117.91
703,127.20
704,121.60
705,113.32
706,121.61
707,128.45
708,107.33
709,129.78
710,117.30
711,126.59
712,114.11
713,118.11
714,127.14
715,124.88
716,123.70
717,112.10
718,119.93
719,114.04
720,124.12
721,129.30
722,121.88
723,108.85
724,124.25
725,130.32
726,117.61
727,128.66
728,132.11
729,120.80
730,109.88
731,117.59
732,122.10
733,124.77
734,125.89
735,121.73
736,123.16
737,113.60
738,124.27
739,118.77
740,120.91
741,126.93
742,117.43
743,110.85
744,129.69
745,106.74
746,124.03
747,109.77
748,116.24
749,123.61
750,112.75
751,117.37
752,120.44
753,123.55
754,122.13
755,114.04
756,123.62
757,123.01
758,114.24
759,108.79
760,122.28
761,117.22
762,112.34
763,121.03
764,122.13
765,116.53
766,113.92
767,109.38
768,111.18
769,121.45
770,109.92
771,116.44
772,112.84
773,106.41
774,112.62
775,114.41
776,126.58
777,129.74
778,125.96
779,128.54
780,126.21
781,127.53
782,126.69
783,117.30
784,114.88
785,126.12
786,121.71
787,122.47
788,125.13
789,117.07
790,113.83
791,114.02
792,113.72
793,127.14
794,125.96
795,111.54
796,123.98
797,119.39
798,109.87
799,129.31
800,111.24
801,126.03
802,117.38
803,123.87
804,106.91
805,116.03
806,117.21
807,110.62
808,112.53
809,116.97
810,122.25
811,112.90
812,126.80
813,123.77
814,128.06
815,114.52
816,113.49
817,121.95
818,127.31
819,124.66
820,128.21
821,128.74
822,127.98
823,124.12
824,117.95
825,114.86
826,122.58
827,127.23
828,122.91
829,126.72
830,123.59
831,122.09
832,112.18
833,117.58
834,125.85
835,121.93
836,111.47
837,129.75
838,123.05
839,126.11
840,121.01
841,128.23
842,126.78
843,115.99
844,121.53
845,123.22
846,121.28
847,111.40
848,125.92
849,131.61
850,119.16
851,109.76
852,120.38
853,126.66
854,109.31
855,113.57
856,108.74
857,113.02
858,121.43
859,126.27
860,112.54
861,120.20
862,119.14
863,126.96
864,121.13
865,128.70
866,112.29
867,117.83
868,106.06
869,126.38
870,118.55
871,123.90
872,119.24
873,115.55
874,105.16
875,113.46
876,106.73
877,123.28
878,117.38
879,122.43
880,122.99
881,122.30
882,124.32
883,121.41
884,117.23
885,125.99
886,123.99
887,113.42
888,124.25
889,113.06
890,125.34
891,121.55
892,120.34
893,119.96
894,121.20
895,118.87
896,123.71
897,117.71
898,112.99
899,112.19
900,127.23
901,121.22
902,122.04
903,121.33
904,116.68
905,115.60
906,127.29
907,117.56
908,113.17
909,110.94
910,112.40
911,119.75
912,110.69
913,122.10
914,125.54
915,118.19
916,126.67
917,112.72
918,113.94
919,113.82
920,126.48
921,119.18
922,115.22
923,119.64
924,128.41
925,119.03
926,128.78
927,121.73
928,126.02
929,119.87
930,125.89
931,122.17
932,124.60
933,113.73
934,117.15
935,111.30
936,126.44
937,125.93
938,123.90
939,114.93
940,114.64
941,118.81
942,124.27
943,125.19
944,126.41
945,122.41
946,126.18
947,107.29
948,114.37
949,124.36
950,127.17
951,112.88
952,128.84
953,121.26
954,127.55
955,118.46
956,127.26
957,120.25
958,119.00
959,113.59
960,129.86
961,124.88
962,117.67
963,124.40
964,112.29
965,114.02
966,120.12
967,122.81
968,116.38
969,113.67
970,127.82
971,123.36
972,125.17
973,123.19
974,107.85
975,123.00
976,125.36
977,123.70
978,124.43
979,135.86
980,112.34
981,111.90
982,111.26
983,113.44
984,127.71
985,121.77
986,121.62
987,113.38
988,124.10
989,125.86
990,120.72
991,121.64
992,117.44
993,123.37
994,106.70
995,110.80
996,124.40
997,114.56
998,112.35
999,113.41
1000,123.10
1001,113.48
1002,111.25
1003,121.96
1004,107.65
1005,116.10
1006,126.10
1007,117.78
1008,105.96
1009,103.41
1010,93.42
1011,118.06
1012,122.14
1013,118.09
1014,63.42
1015,110.64
1016,126.77
1017,122.78
1018,112.28
1019,111.17
1020,123.48
1021,106.46
1022,111.27
1023,116.74
1024,122.54
1025,104.19
1026,121.88
1027,113.28
1028,121.31
1029,107.21
1030,106.81
1031,105.88
1032,107.30
1033,116.06
1034,109.79
1035,107.85
1036,122.44
1037,118.07
1038,104.13
1039,111.06
1040,98.78
1041,113.93
1042,100.65
1043,111.00
1044,114.87
1045,114.25
1046,123.32
1047,110.82
1048,103.12
1049,103.63
1050,118.90
1051,119.76
1052,128.97
1053,117.14
1054,125.48
1055,114.32
1056,129.22
1057,121.41
1058,124.44
1059,121.96
1060,121.48
1061,104.88
1062,126.55
1063,110.79
1064,116.43
1065,102.40
1066,114.83
1067,102.52
1068,128.85
1069,102.92
1070,124.89
1071,102.50
1072,109.84
1073,121.34
1074,111.34
1075,127.96
1076,118.53
1077,125.68
1078,122.31
1079,127.34
1080,120.88
1081,117.65
1082,123.59
1083,120.79
1084,122.50
1085,115.01
1086,117.15
1087,114.42
1088,118.62
1089,131.92
1090,125.09
1091,103.23
1092,125.47
1093,112.73
1094,125.58
1095,119.96
1096,122.29
1097,117.61
1098,109.93
1099,126.93
1100,106.47
1101,128.39
1102,115.53
1103,128.91
1104,122.26
1105,129.40
1106,114.37
1107,114.57
1108,121.28
1109,124.03
1110,119.99
1111,128.14
1112,118.45
1113,127.23
1114,124.88
1115,114.71
1116,113.69
1117,110.48
1118,112.66
1119,134.24
1120,108.19
1121,111.11
1122,101.76
1123,67.27
1124,121.39
1125,110.77
1126,110.59
1127,106.49
1128,115.37
1129,106.71
1130,111.02
1131,98.96
1132,112.51
1133,107.28
1134,104.23
1135,99.45
1136,109.93
1137,117.10
1138,103.95
1139,96.63
1140,117.46
1141,116.94
1142,116.46
1143,100.53
1144,108.17
1145,116.60
1146,112.92
1147,116.99
1148,125.88
1149,119.59
1150,117.41
1151,107.25
1152,126.20
1153,118.50
1154,117.31
1155,115.57
1156,108.00
1157,56.23
1158,119.13
1159,106.17
1160,118.35
1161,99.38
1162,109.98
1163,108.59
1164,124.94
1165,96.54
1166,107.97
1167,94.59
1168,111.18
1169,106.28
1170,108.65
1171,122.42
1172,66.24
1173,84.62
1174,124.85
1175,88.42
1176,111.50
1177,92.96
1178,112.45
1179,127.39
1180,118.64
1181,121.38
1182,100.84
1183,94.06
1184,91.69
1185,122.80
1186,106.45
1187,68.50
1188,105.43
1189,111.91
1190,51.73
1191,105.36
1192,117.34
1193,114.68
1194,120.42
1195,110.65
1196,95.65
1197,101.06
1198,122.02
1199,123.98
1200,118.04
1201,127.63
1202,104.20
1203,121.08
1204,118.24
1205,119.32
1206,120.82
1207,127.01
1208,119.94
1209,116.64
1210,129.08
1211,115.24
1212,108.97
1213,126.25
1214,113.69
1215,110.05
1216,115.80
1217,109.29
1218,109.37
1219,111.64
1220,103.63
1221,121.19
1222,107.66
1223,99.01
1224,111.33
1225,102.61
1226,117.41
1227,112.18
1228,113.21
1229,112.25
1230,108.86
1231,105.31
1232,111.00
1233,103.32
1234,111.04
1235,109.03
1236,105.67
1237,114.53
1238,104.20
1239,117.79
1240,118.97
1241,108.34
1242,102.23
1243,123.22
1244,120.16
1245,124.43
1246,120.91
1247,123.82
1248,116.98
1249,106.75
1250,124.02
1251,109.12
1252,122.58
1253,118.06
1254,121.99
1255,109.64
1256,126.39
1257,118.14
1258,126.64
1259,122.35
1260,125.76
1261,128.87
1262,115.03
1263,109.66
1264,120.07
1265,121.50
1266,125.49
1267,122.85
1268,110.01
1269,116.63
1270,125.51
1271,123.27
1272,122.43
1273,115.72
1274,123.15
1275,111.54
1276,111.66
1277,111.91
1278,111.34
1279,113.13
1280,127.80
1281,118.32
1282,126.56
1283,111.28
1284,125.77
1285,118.28
1286,128.21
1287,103.88
1288,126.31
1289,114.34
1290,117.96
1291,108.42
1292,123.98
1293,105.84
1294,113.08
1295,109.72
1296,126.82
1297,121.93
1298,121.08
1299,115.31
1300,115.44
1301,103.33
1302,107.93
1303,122.78
1304,114.30
1305,124.77
1306,123.51
1307,123.54
1308,112.85
1309,119.96
1310,128.09
1311,123.96
1312,120.06
1313,106.05
1314,102.03
1315,103.81
1316,119.13
1317,125.05
1318,119.53
1319,137.88
1320,119.90
1321,125.62
1322,125.95
1323,120.23
1324,109.29
1325,124.54
1326,117.51
1327,124.03
1328,119.03
1329,126.12
1330,118.20
1331,125.10
1332,116.84
1333,127.53
1334,121.83
1335,123.37
1336,113.10
1337,112.92
1338,114.24
1339,106.36
1340,106.55
1341,124.12
1342,98.71
1343,48.67
1344,114.97
1345,127.11
1346,110.10
1347,116.81
1348,107.71
1349,123.18
1350,112.77
1351,127.00
1352,111.07
1353,119.08
1354,102.17
1355,108.59
1356,113.29
1357,116.83
1358,116.23
1359,113.56
1360,115.51
1361,113.25
1362,108.69
1363,116.02
1364,121.66
1365,115.72
1366,122.53
1367,104.71
1368,113.74
1369,96.62
1370,120.54
1371,100.09
1372,115.32
1373,119.64
1374,109.10
1375,124.08
1376,104.79
1377,120.67
1378,109.73
1379,123.48
1380,109.63
1381,116.86
1382,103.14
1383,124.77
1384,113.40
1385,126.34
1386,116.77
1387,124.76
1388,118.62
1389,124.33
1390,113.71
1391,123.88
1392,110.20
1393,114.09
1394,104.63
1395,113.85
1396,117.58
1397,120.72
1398,119.34
1399,120.03
1400,110.68
1401,102.84
1402,123.74
1403,105.76
1404,129.43
1405,117.80
1406,127.73
1407,107.46
1408,123.99
1409,122.28
1410,116.76
1411,120.55
1412,112.60
1413,112.73
1414,114.64
1415,110.27
1416,114.43
1417,105.03
1418,116.00
1419,104.21
1420,108.20
1421,120.48
1422,109.65
1423,120.52
1424,120.13
1425,116.11
1426,114.00
1427,119.61
1428,113.53
1429,112.65
1430,111.15
1431,110.71
1432,103.79
1433,120.38
1434,108.30
1435,120.78
1436,110.67
1437,127.23
1438,111.22
1439,127.13
1440,105.41
1441,113.22
1442,110.54
1443,119.28
1444,105.05
1445,97.43
1446,114.31
1447,104.86
1448,122.66
1449,107.17
1450,106.69
1451,108.22
1452,106.32
1453,118.88
1454,123.23
1455,107.57
1456,126.11
1457,120.74
1458,124.34
1459,110.70
1460,107.82
1461,108.68
1462,105.72
1463,126.98
1464,120.84
1465,121.60
1466,123.05
1467,103.34
1468,115.39
1469,118.99
1470,108.65
1471,123.39
1472,115.09
1473,67.65
1474,106.11
1475,116.55
1476,119.97
1477,118.16
1478,115.13
1479,120.14
1480,124.89
1481,121.30
1482,122.94
1483,116.22
1484,109.93
1485,96.14
1486,110.93
1487,95.08
1488,120.07
1489,93.58
1490,113.47
1491,115.40
1492,94.18
1493,117.82
1494,103.78
1495,110.17
1496,113.37
1497,105.63
1498,109.40
1499,104.46
1500,112.56
1501,107.46
1502,119.27
1503,106.87
1504,107.48
1505,107.43
1506,100.13
1507,118.63
1508,107.79
1509,115.75
1510,100.50
1511,107.35
1512,111.34
1513,117.48
1514,105.48
1515,105.63
1516,108.98
1517,101.94
1518,112.11
1519,110.39
1520,110.42
1521,105.58
1522,107.11
1523,118.88
1524,111.00
1525,108.33
1526,121.80
1527,111.55
1528,107.68
1529,109.95
1530,107.70
1531,106.74
1532,108.02
1533,110.89
1534,103.97
1535,111.08
1536,113.20
1537,110.70
1538,112.09
1539,102.19
1540,109.19
1541,110.01
1542,130.41
1543,121.56
1544,108.35
1545,104.59
1546,123.54
1547,117.29
1548,121.75
1549,121.01
1550,112.79
1551,113.56
1552,111.87
1553,112.46
1554,122.67
1555,117.21
1556,109.39
1557,111.56
1558,125.97
1559,123.64
1560,127.39
1561,117.57
1562,113.42
1563,119.77
1564,123.50
1565,126.32
1566,107.27
1567,108.87
1568,130.34
1569,122.50
1570,123.17
1571,117.65
1572,127.32
1573,113.53
1574,111.86
1575,127.71
1576,120.86
1577,119.97
1578,122.76
1579,122.80
1580,124.59
1581,119.20
1582,111.02
1583,106.55
1584,107.13
1585,126.49
1586,120.80
1587,123.86
1588,63.63
1589,110.66
1590,113.80
1591,124.33
1592,132.42
1593,125.00
1594,127.01
1595,120.08
1596,126.40
1597,121.04
1598,127.85
1599,123.07
1600,123.99
1601,114.43
1602,126.34
1603,120.00
1604,127.15
1605,122.51
1606,114.90
1607,122.83
1608,110.37
1609,116.40
1610,110.16
1611,121.38
1612,116.28
1613,122.91
1614,122.06
1615,123.39
1616,119.97
1617,119.52
1618,121.25
1619,129.89
1620,123.20
1621,112.86
1622,114.48
1623,126.76
1624,125.11
1625,118.74
1626,125.52
1627,129.90
1628,133.23
1629,122.30
1630,114.09
1631,125.20
1632,126.74
1633,127.49
1634,130.24
1635,124.92
1636,120.23
1637,109.31
1638,121.30
1639,113.71
1640,76.24
1641,122.24
1642,117.64
1643,122.72
1644,118.52
1645,111.49
1646,113.20
1647,111.19
1648,128.64
1649,113.65
1650,118.35
1651,125.94
1652,124.50
1653,123.67
1654,119.62
1655,112.34
1656,111.28
1657,115.62
1658,130.55
1659,133.47
1660,109.41
1661,100.91
1662,120.11
1663,120.65
1664,114.17
1665,108.89
1666,123.64
1667,124.56
1668,123.88
1669,113.94
1670,119.41
1671,96.21
1672,102.69
1673,105.36
1674,112.66
1675,101.36
1676,117.68
1677,109.10
1678,106.59
1679,110.37
1680,107.69
1681,116.67
1682,97.30
1683,102.83
1684,125.13
1685,109.67
1686,112.84
1687,100.83
1688,120.74
1689,101.87
1690,120.39
1691,57.94
1692,113.55
1693,122.01
1694,117.13
1695,109.32
1696,117.03
1697,118.36
1698,109.31
1699,112.61
1700,111.92
1701,106.25
1702,109.76
1703,98.80
1704,112.63
1705,113.46
1706,112.67
1707,113.41
1708,111.55
1709,116.81
1710,112.20
1711,123.17
1712,117.23
1713,127.29
1714,111.44
1715,117.50
1716,102.96
1717,127.86
1718,106.81
1719,128.80
1720,119.16
1721,126.34
1722,121.33
1723,125.80
1724,110.54
1725,127.43
1726,111.79
1727,120.17
1728,108.81
1729,131.85
1730,119.66
1731,127.64
1732,119.28
1733,115.60
1734,110.84
1735,112.64
1736,113.53
1737,114.00
1738,123.96
1739,133.38
1740,122.65
1741,128.52
1742,123.86
1743,124.00
1744,124.10
1745,120.53
1746,130.73
1747,120.84
1748,118.82
1749,130.35
1750,113.57
1751,120.36
1752,118.21
1753,129.75
1754,130.80
1755,120.48
1756,123.18
1757,121.98
1758,120.77
1759,121.39
1760,131.23
1761,120.91
1762,126.37
1763,121.56
1764,109.23
1765,120.10
1766,121.22
1767,128.35
1768,122.59
1769,123.78
1770,111.26
1771,113.12
1772,112.45
1773,127.65
1774,122.10
1775,126.68
1776,112.73
1777,129.14
1778,112.88
1779,117.21
1780,115.79
1781,111.48
1782,111.56
1783,123.62
1784,108.68
1785,117.67
1786,109.10
1787,115.09
1788,86.48
1789,113.44
1790,107.09
1791,117.59
1792,120.33
1793,110.70
1794,109.50
1795,105.05
1796,114.13
1797,115.70
1798,115.55
1799,107.37
1800,108.76
1801,107.53
1802,102.05
1803,117.68
1804,117.41
1805,109.85
1806,106.48
1807,120.80
1808,108.67
1809,109.81
1810,105.26
1811,111.20
1812,121.80
1813,127.61
1814,121.08
1815,124.76
1816,110.56
1817,126.70
1818,118.77
1819,127.11
1820,115.43
1821,118.46
1822,105.04
1823,114.00
1824,104.89
1825,123.72
1826,124.82
1827,105.16
1828,123.13
1829,118.91
1830,116.40
1831,122.34
1832,125.22
1833,129.67
1834,113.01
1835,110.61
1836,118.45
1837,114.22
1838,126.82
1839,122.87
1840,124.87
1841,123.74
1842,114.42
1843,134.34
1844,114.78
1845,122.43
1846,125.59
1847,112.42
1848,126.33
1849,122.54
1850,116.73
1851,106.55
1852,110.43
1853,106.42
1854,123.88
1855,107.39
1856,112.83
1857,101.29
1858,109.47
1859,110.89
1860,100.67
1861,114.21
1862,114.92
1863,114.11
1864,119.45
1865,109.08
1866,113.65
1867,124.75
1868,116.90
1869,112.50
1870,115.05
1871,113.46
1872,118.23
1873,113.88
1874,113.81
1875,111.22
1876,125.40
1877,121.04
1878,119.46
1879,108.76
1880,109.29
1881,119.40
1882,125.90
1883,106.76
1884,112.15
1885,123.86
1886,105.95
1887,107.11
1888,120.32
1889,112.60
1890,124.12
1891,110.61
1892,116.68
1893,110.56
1894,120.65
1895,110.53
1896,121.09
1897,124.41
1898,105.15
1899,128.21
1900,121.08
1901,115.47
1902,110.34
1903,111.73
1904,107.50
1905,114.11
1906,109.58
1907,115.91
1908,110.69
1909,106.94
1910,126.25
1911,120.12
1912,117.12
1913,125.49
1914,111.38
1915,108.56
1916,123.51
1917,104.26
1918,118.56
1919,121.82
1920,105.41
1921,115.65
1922,103.14
1923,114.62
1924,100.40
1925,110.24
1926,112.62
1927,107.01
1928,110.78
1929,110.70
1930,109.53
1931,100.98
1932,116.88
1933,106.64
1934,119.19
1935,107.48
1936,108.69
1937,96.69
1938,112.29
1939,130.17
1940,118.66
1941,118.87
1942,118.20
1943,124.16
1944,111.86
1945,126.32
1946,108.92
1947,122.52
1948,104.47
1949,109.62
1950,112.36
1951,112.75
1952,107.24
1953,116.27
1954,118.56
1955,119.58
1956,109.36
1957,116.25
1958,125.31
1959,129.88
1960,112.65
1961,111.32
1962,113.00
1963,120.41
1964,116.31
1965,115.74
1966,128.93
1967,123.78
1968,126.83
1969,122.91
1970,127.93
1971,106.26
1972,126.54
1973,120.87
1974,127.78
1975,117.72
1976,122.77
1977,124.62
1978,126.58
1979,123.68
1980,119.40
1981,114.29
1982,127.90
1983,124.04
1984,114.52
1985,111.92
1986,119.34
1987,124.38
1988,109.68
1989,126.03
1990,117.75
1991,125.70
1992,120.89
1993,125.75
1994,80.46
1995,96.17
1996,114.18
1997,103.08
1998,110.58
1999,110.28
2000,110.64
2001,120.48
2002,106.23
2003,125.14
2004,120.35
2005,128.82
2006,112.30
2007,124.17
2008,105.13
2009,119.52
2010,105.29
2011,125.36
2012,103.42
2013,127.80
2014,98.79
2015,111.35
2016,107.99
2017,124.67
2018,108.82
2019,110.73
2020,129.05
2021,120.29
2022,124.56
2023,119.18
2024,124.57
2025,108.91
2026,107.33
2027,110.30
2028,118.72
2029,109.92
2030,109.32
2031,109.49
2032,110.11
2033,120.08
2034,126.05
2035,115.55
2036,122.00
2037,112.42
2038,111.58
2039,113.65
2040,117.90
2041,114.81
2042,121.57
2043,128.81
2044,108.71
2045,113.92
2046,114.64
2047,114.72
2048,112.37
2049,113.12
2050,107.73
2051,112.85
2052,106.06
2053,112.21
2054,109.39
2055,110.24
2056,100.25
2057,112.05
2058,105.36
2059,120.91
2060,109.23
2061,100.59
2062,119.33
2063,97.85
2064,107.34
2065,119.32
2066,119.91
2067,114.28
2068,111.00
2069,108.84
2070,126.50
2071,125.88
2072,120.04
2073,111.30
2074,112.77
2075,112.41
2076,108.77
2077,113.48
2078,112.27
2079,121.43
2080,111.87
2081,124.29
2082,102.57
2083,127.68
2084,104.33
2085,114.84
2086,107.72
2087,113.54
2088,115.67
2089,124.52
2090,120.44
2091,110.58
2092,107.19
2093,110.13
2094,114.92
2095,112.46
2096,123.55
2097,106.69
2098,112.96
2099,108.79
2100,68.54
2101,115.28
2102,106.72
2103,107.71
2104,109.36
2105,129.18
2106,110.91
2107,110.98
2108,106.31
2109,110.66
2110,120.35
2111,125.01
2112,115.16
2113,118.55
2114,112.11
2115,108.86
2116,109.73
2117,107.34
2118,112.60
2119,110.12
2120,85.57
2121,105.95
2122,111.79
2123,114.89
2124,116.71
2125,120.82
2126,114.70
2127,112.43
2128,110.96
2129,118.70
2130,112.43
2131,132.99
2132,123.62
2133,133.23
2134,134.24
2135,136.02
2136,127.80
2137,133.56
2138,133.07
2139,125.82
2140,138.01
2141,121.61
2142,132.91
2143,122.09
2144,134.20
2145,123.91
2146,133.18
2147,134.48
2148,136.41
2149,135.33
2150,127.82
2151,132.66
2152,124.26
2153,135.57
2154,121.98
2155,135.88
2156,121.35
2157,134.68
2158,124.01
2159,131.26
2160,126.10
2161,132.35
2162,130.65
2163,129.28
2164,132.23
2165,124.57
2166,124.92
2167,116.43
2168,119.56
2169,115.88
2170,128.50
2171,123.85
2172,134.21
2173,124.89
2174,125.42
2175,126.71
2176,125.31
2177,125.96
2178,129.78
2179,128.20
2180,129.26
2181,122.14
2182,131.12
2183,134.64
2184,128.91
2185,132.52
2186,128.82
2187,129.63
2188,128.60
2189,130.66
2190,120.42
2191,133.83
2192,119.21
2193,132.46
2194,122.19
2195,130.70
2196,125.17
2197,129.39
2198,131.23
2199,131.51
2200,132.83
2201,129.07
2202,133.88
2203,126.05
2204,139.15
2205,129.32
2206,135.75
2207,129.45
2208,137.51
2209,139.54
2210,133.40
2211,135.48
2212,124.66
2213,136.42
2214,130.17
2215,133.17
2216,124.78
2217,131.68
2218,127.11
2219,139.83
2220,137.13
2221,139.84
2222,137.28
2223,134.30
2224,132.42
2225,121.68
2226,134.49
2227,131.57
2228,141.62
2229,137.56
2230,137.75
2231,134.46
2232,126.47
2233,138.11
2234,134.17
2235,139.37
2236,134.58
2237,140.85
2238,139.56
2239,133.38
2240,134.44
2241,127.90
2242,142.08
2243,135.85
2244,140.72
2245,136.09
2246,142.48
2247,138.61
2248,149.61
2249,138.87
2250,132.28
2251,149.09
2252,127.36
2253,141.82
2254,137.58
2255,140.84
2256,141.97
2257,133.28
2258,142.38
2259,135.17
2260,143.84
2261,140.01
2262,138.63
2263,139.87
2264,136.28
2265,141.46
2266,136.31
2267,139.01
2268,141.53
2269,138.97
2270,143.44
2271,135.47
2272,141.69
2273,135.51
2274,143.07
2275,129.32
2276,146.27
2277,142.23
2278,136.89
2279,143.25
2280,133.93
2281,153.60
2282,146.00
2283,144.14
2284,153.57
2285,141.23
2286,146.17
2287,152.51
2288,148.68
2289,155.92
2290,149.04
2291,138.42
2292,150.84
2293,160.12
2294,146.86
2295,125.69
2296,142.10
2297,137.73
2298,153.84
2299,155.84
2300,146.75
2301,155.69
2302,146.51
2303,145.77
2304,152.74
2305,145.37
2306,142.13
2307,142.32
2308,154.44
2309,145.00
2310,139.11
2311,145.34
2312,134.81
2313,139.44
2314,119.22
2315,139.49
2316,134.14
2317,141.16
2318,145.69
2319,135.69
2320,139.03
2321,133.48
2322,141.01
2323,130.96
2324,131.72
2325,127.41
2326,139.51
2327,123.38
2328,120.46
2329,130.60
2330,128.17
2331,129.83
2332,123.67
2333,132.25
2334,122.72
2335,124.33
2336,127.35
2337,127.66
2338,128.77
2339,135.97
2340,125.05
2341,138.37
2342,133.79
2343,126.98
2344,131.33
2345,129.53
2346,130.52
2347,129.26
2348,129.23
2349,128.78
2350,129.60
2351,127.24
2352,128.74
2353,127.45
2354,129.06
2355,129.05
2356,127.97
2357,124.70
2358,129.04
2359,132.91
2360,123.27
2361,133.73
2362,122.98
2363,134.88
2364,124.05
2365,137.94
2366,122.44
2367,131.41
2368,129.60
2369,138.04
2370,132.66
2371,133.87
2372,134.92
2373,121.32
2374,141.41
2375,129.62
2376,142.08
2377,127.43
2378,139.90
2379,143.17
2380,133.93
2381,131.69
2382,133.24
2383,140.56
2384,125.87
2385,135.87
2386,131.26
2387,141.87
2388,138.93
2389,140.90
2390,138.39
2391,128.22
2392,136.15
2393,132.03
2394,139.47
2395,133.51
2396,137.25
2397,141.09
2398,141.81
2399,121.36
2400,137.08
2401,141.30
2402,136.05
2403,142.18
2404,135.80
2405,142.38
2406,140.54
2407,134.63
2408,151.33
2409,128.47
2410,143.01
2411,135.66
2412,143.91
2413,141.41
2414,136.79
2415,142.11
2416,135.18
2417,142.72
2418,135.29
2419,141.94
2420,136.97
2421,140.86
2422,139.29
2423,134.40
2424,142.52
2425,135.54
2426,143.07
2427,138.83
2428,148.32
2429,146.33
2430,138.50
2431,143.00
2432,137.35
2433,142.59
2434,139.90
2435,136.89
2436,150.40
2437,137.07
2438,146.98
2439,142.58
2440,149.45
2441,146.94
2442,135.60
2443,144.05
2444,135.45
2445,145.73
2446,141.22
2447,142.19
2448,146.48
2449,132.88
2450,140.48
2451,141.32
2452,150.34
2453,142.14
2454,140.41
2455,141.69
2456,137.12
2457,139.96
2458,136.22
2459,141.24
2460,139.63
2461,141.75
2462,150.52
2463,140.22
2464,144.65
2465,138.71
2466,151.82
2467,147.47
2468,134.49
2469,146.89
2470,137.28
2471,144.43
2472,142.04
2473,149.44
2474,146.82
2475,133.37
2476,146.73
2477,148.77
2478,147.55
2479,146.16
2480,135.75
2481,144.80
2482,136.65
2483,153.00
2484,142.82
2485,153.45
2486,146.97
2487,139.94
2488,145.24
2489,138.39
2490,142.74
2491,153.16
2492,139.90
2493,139.97
2494,136.25
2495,141.91
2496,138.70
2497,133.87
2498,130.40
2499,126.82
2500,129.40
2501,127.02
2502,128.88
2503,125.77
2504,131.07
2505,125.19
2506,132.39
2507,126.25
2508,140.96
2509,145.26
2510,138.96
2511,140.68
2512,135.62
2513,143.11
2514,135.90
2515,143.68
2516,152.00
2517,147.68
2518,151.72
2519,144.62
2520,149.38
2521,155.84
2522,146.80
2523,157.54
2524,145.03
2525,160.68
2526,160.53
2527,145.64
2528,160.97
2529,153.39
2530,145.96
2531,165.25
2532,149.18
2533,158.21
2534,163.33
2535,165.59
2536,166.78
2537,158.77
2538,168.36
2539,149.58
2540,160.03
2541,167.33
2542,163.93
2543,165.93
2544,168.44
2545,158.75
2546,158.16
2547,174.82
2548,151.95
2549,165.69
2550,153.09
2551,152.49
2552,164.60
2553,155.89
2554,156.80
2555,159.29
2556,155.89
2557,167.98
2558,160.56
2559,167.05
2560,168.63
2561,163.96
2562,158.19
2563,159.74
2564,156.46
2565,164.54
2566,161.60
2567,149.18
2568,164.59
2569,169.50
2570,157.87
2571,166.91
2572,151.66
2573,161.77
2574,161.67
2575,155.49
2576,171.22
2577,167.05
2578,167.80
2579,167.45
2580,149.39
2581,163.44
2582,163.78
2583,156.17
2584,170.06
2585,159.68
2586,155.33
2587,174.45
2588,150.90
2589,168.73
2590,167.36
2591,157.53
2592,171.85
2593,166.63
2594,162.86
2595,177.55
2596,165.98
2597,166.61
2598,169.04
2599,161.56
2600,168.14
2601,165.81
2602,160.19
2603,174.22
2604,164.33
2605,160.59
2606,170.15
2607,163.01
2608,169.46
2609,171.47
2610,167.02
2611,172.16
2612,165.99
2613,158.74
2614,166.36
2615,171.71
2616,154.34
2617,168.76
2618,170.96
2619,163.62
2620,170.91
2621,169.16
2622,167.63
2623,170.36
2624,155.13
2625,159.97
2626,163.07
2627,156.25
2628,167.67
2629,166.02
2630,146.81
2631,163.96
2632,161.57
2633,166.61
2634,161.70
2635,159.97
2636,167.66
2637,165.76
2638,152.16
2639,162.15
2640,164.99
2641,166.71
2642,165.61
2643,158.28
2644,153.32
2645,158.13
2646,155.16
2647,158.13
2648,159.97
2649,170.38
2650,161.12
2651,156.23
2652,150.60
2653,159.05
2654,153.15
2655,167.64
2656,166.44
2657,156.51
2658,159.16
2659,154.42
2660,156.71
2661,153.40
2662,164.82
2663,167.87
2664,161.66
2665,154.97
2666,161.65
2667,155.28
2668,164.74
2669,164.27
2670,149.07
2671,162.25
2672,81.03
2673,169.30
2674,159.75
2675,158.28
2676,157.58
2677,156.62
2678,165.60
2679,161.06
2680,148.45
2681,162.02
2682,155.46
2683,164.00
2684,153.40
2685,163.36
2686,163.75
2687,146.98
2688,160.50
2689,162.88
2690,150.97
2691,167.88
2692,157.97
2693,159.40
2694,163.08
2695,149.21
2696,160.38
2697,161.88
2698,145.03
2699,159.41
2700,142.55
2701,167.77
2702,153.13
2703,147.68
2704,152.92
2705,154.07
2706,166.38
2707,158.41
2708,148.40
2709,161.95
2710,150.57
2711,150.30
2712,161.18
2713,147.25
2714,164.87
2715,164.46
2716,143.86
2717,166.29
2718,159.96
2719,152.77
2720,158.06
2721,153.88
2722,154.52
2723,157.75
2724,144.02
2725,157.36
2726,155.14
2727,153.75
2728,158.33
2729,141.94
2730,158.72
2731,147.92
2732,160.16
2733,164.81
2734,147.05
2735,161.17
2736,157.94
2737,164.00
2738,156.07
2739,148.30
2740,151.75
2741,154.20
2742,144.75
2743,161.30
2744,154.55
2745,158.10
2746,160.14
2747,143.59
2748,158.95
2749,162.30
2750,165.99
2751,151.37
2752,151.54
2753,152.38
2754,152.87
2755,157.35
2756,153.83
2757,151.49
2758,163.59
2759,155.12
2760,153.06
2761,162.46
2762,153.76
2763,156.86
2764,162.85
2765,146.33
2766,161.11
2767,167.73
2768,144.85
2769,163.59
2770,156.99
2771,166.16
2772,166.09
2773,149.83
2774,162.49
2775,157.47
2776,164.72
2777,166.39
2778,160.64
2779,158.42
2780,160.38
2781,154.18
2782,166.17
2783,155.66
2784,158.99
2785,162.79
2786,158.87
2787,154.68
2788,160.24
2789,154.09
2790,157.73
2791,158.49
2792,160.07
2793,163.50
2794,159.37
2795,168.45
2796,157.02
2797,151.05
2798,165.66
2799,161.77
2800,150.85
2801,164.63
2802,155.64
2803,168.40
2804,156.44
2805,151.46
2806,164.37
2807,164.25
2808,165.26
2809,168.73
2810,155.40
2811,156.29
2812,157.09
2813,146.14
2814,159.74
2815,160.81
2816,162.50
2817,139.66
2818,146.46
2819,160.32
2820,151.20
2821,159.45
2822,160.53
2823,144.32
2824,155.26
2825,162.00
2826,145.49
2827,162.91
2828,145.69
2829,159.08
2830,164.47
2831,145.61
2832,162.91
2833,162.87
2834,167.05
2835,165.27
2836,147.53
2837,162.73
2838,162.65
2839,144.07
2840,161.16
2841,163.14
2842,165.52
2843,155.58
2844,148.17
2845,153.55
2846,154.52
2847,159.73
2848,166.38
2849,152.26
2850,156.39
2851,156.12
2852,149.50
2853,160.46
2854,161.06
2855,163.60
2856,153.18
2857,142.16
2858,158.25
2859,156.99
2860,149.85
2861,155.70
2862,153.20
2863,157.54
2864,158.01
2865,144.96
2866,165.97
2867,160.41
2868,166.40
2869,153.90
2870,149.52
2871,165.52
2872,153.35
2873,151.44
2874,162.87
2875,155.50
2876,168.81
2877,159.60
2878,153.88
2879,155.02
2880,156.96
2881,169.05
2882,161.14
2883,141.25
2884,163.20
2885,164.64
2886,155.28
2887,96.37
2888,148.10
2889,162.34
2890,157.59
2891,165.85
2892,167.04
2893,157.33
2894,160.32
2895,155.50
2896,144.76
2897,160.52
2898,164.50
2899,163.27
2900,164.27
2901,149.35
2902,161.45
2903,160.74
2904,147.25
2905,161.29
2906,158.10
2907,159.36
2908,156.47
2909,155.03
2910,165.60
2911,149.89
2912,154.30
2913,165.89
2914,144.85
2915,162.85
2916,164.00
2917,147.73
2918,162.60
2919,161.17
2920,164.85
2921,166.64
2922,143.98
2923,162.28
2924,162.56
2925,148.17
2926,162.21
2927,157.99
2928,167.53
2929,167.73
2930,149.08
2931,162.35
2932,157.80
2933,147.95
2934,162.60
2935,154.91
2936,156.73
2937,157.50
2938,156.77
2939,169.01
2940,166.06
2941,165.72
2942,152.05
2943,151.40
2944,167.74
2945,168.07
2946,145.47
2947,156.56
2948,160.55
2949,153.40
2950,160.10
2951,156.77
2952,151.99
2953,166.77
2954,153.67
2955,166.26
2956,164.94
2957,163.72
2958,156.52
2959,150.04
2960,166.67
2961,153.30
2962,153.24
2963,165.85
2964,161.33
2965,155.63
2966,161.04
2967,153.40
2968,154.60
2969,158.89
2970,160.87
2971,164.29
2972,147.24
2973,159.91
2974,165.45
2975,145.98
2976,160.71
2977,165.66
2978,162.31
2979,171.51
2980,156.18
2981,167.31
2982,167.34
2983,148.80
2984,162.34
2985,160.74
2986,153.79
2987,159.74
2988,154.26
2989,166.35
2990,166.41
2991,148.20
2992,169.68
2993,158.16
2994,170.46
2995,163.49
2996,155.41
2997,152.59
2998,161.99
2999,152.57
3000,156.94
3001,158.59
3002,162.14
3003,166.62
3004,153.28
3005,158.67
3006,163.35
3007,154.49
3008,165.41
3009,154.03
3010,160.27
3011,164.13
3012,157.39
3013,169.64
3014,156.47
3015,153.09
3016,164.40
3017,161.58
3018,144.92
3019,162.94
3020,156.23
3021,158.37
3022,158.50
3023,142.31
3024,161.95
3025,161.91
3026,165.95
3027,164.48
3028,147.36
3029,163.04
3030,160.82
3031,148.90
3032,165.65
3033,159.72
3034,165.91
3035,164.25
3036,148.25
3037,160.73
3038,157.89
3039,163.10
3040,155.81
3041,152.57
3042,164.00
3043,153.59
3044,149.37
3045,155.17
3046,167.76
3047,158.63
3048,161.80
3049,143.36
3050,161.41
3051,160.76
3052,146.59
3053,162.24
3054,155.91
3055,165.24
3056,155.69
3057,150.95
3058,167.23
3059,158.67
3060,156.42
3061,163.96
3062,155.09
3063,167.00
3064,162.47
3065,147.22
3066,163.28
3067,161.94
3068,153.52
3069,159.20
3070,159.59
3071,163.00
3072,163.37
3073,148.96
3074,162.92
3075,162.42
3076,152.44
3077,159.58
3078,156.34
3079,164.30
3080,165.05
3081,150.38
3082,166.89
3083,157.35
3084,163.62
3085,153.48
3086,152.29
3087,158.00
3088,151.19
3089,150.10
3090,168.75
3091,164.05
3092,156.82
3093,160.73
3094,142.19
3095,163.59
3096,158.28
3097,152.91
3098,161.51
3099,152.03
3100,154.78
3101,154.60
3102,107.05
3103,158.17
3104,145.64
3105,163.96
3106,158.09
3107,154.80
3108,159.96
3109,151.78
3110,153.48
3111,158.58
3112,148.67
3113,159.70
3114,152.73
3115,166.99
3116,155.23
3117,149.96
3118,152.40
3119,157.69
3120,159.28
3121,165.89
3122,143.16
3123,162.98
3124,159.73
3125,150.69
3126,164.04
3127,153.02
3128,157.64
3129,160.00
3130,141.66
3131,161.42
3132,169.11
3133,163.29
3134,163.82
3135,145.94
3136,160.48
3137,163.35
3138,146.97
3139,157.41
3140,163.93
3141,165.56
3142,166.77
3143,150.89
3144,154.30
3145,158.99
3146,148.38
3147,162.56
3148,145.74
3149,161.84
3150,160.31
3151,145.34
3152,160.14
3153,162.10
3154,165.26
3155,167.93
3156,148.33
3157,162.45
3158,159.31
3159,147.00
3160,162.07
3161,166.86
3162,164.04
3163,164.74
3164,147.21
3165,161.36
3166,160.96
3167,148.26
3168,161.41
3169,158.39
3170,167.80
3171,168.13
3172,146.80
3173,161.36
3174,161.03
3175,147.47
3176,163.45
3177,156.96
3178,169.06
3179,160.70
3180,144.35
3181,152.45
3182,156.84
3183,165.02
3184,160.99
3185,143.27
3186,158.57
3187,163.37
3188,145.77
3189,165.19
3190,151.80
3191,156.62
3192,158.48
3193,151.78
3194,153.20
3195,163.75
3196,167.50
3197,161.64
3198,141.51
3199,163.84
3200,164.48
3201,149.30
3202,161.36
3203,160.68
3204,166.94
3205,169.14
3206,147.33
3207,161.09
3208,160.92
3209,148.08
3210,160.85
3211,159.72
3212,166.51
3213,164.61
3214,148.32
3215,162.69
3216,162.01
3217,148.07
3218,157.25
3219,156.39
3220,156.84
3221,158.24
3222,142.86
3223,159.82
3224,160.63
3225,164.29
3226,165.29
3227,146.93
3228,161.61
3229,161.26
3230,148.47
3231,161.61
3232,162.48
3233,164.86
3234,168.58
3235,147.90
3236,158.30
3237,160.48
3238,144.98
3239,163.27
3240,144.90
3241,162.73
3242,164.64
3243,151.83
3244,158.32
3245,167.73
3246,160.77
3247,164.25
3248,150.58
3249,158.91
3250,161.66
3251,144.30
3252,160.57
3253,137.03
3254,139.90
3255,133.94
3256,165.10
3257,168.15
3258,163.81
3259,156.22
3260,155.61
3261,156.33
3262,156.06
3263,157.67
3264,162.96
3265,163.82
3266,147.01
3267,154.90
3268,165.60
3269,147.84
3270,162.89
3271,104.47
3272,166.39
3273,160.63
3274,161.06
3275,156.93
3276,152.31
3277,164.66
3278,167.45
3279,146.50
3280,162.41
3281,161.91
3282,163.70
3283,167.42
3284,145.67
3285,163.11
3286,165.84
3287,157.73
3288,156.26
3289,155.73
3290,163.19
3291,167.18
3292,154.41
3293,158.05
3294,152.54
3295,146.06
3296,157.47
3297,162.58
3298,168.58
3299,166.40
3300,148.63
3301,160.19
3302,163.50
3303,148.46
3304,163.57
3305,167.61
3306,159.62
3307,166.37
3308,146.57
3309,158.92
3310,162.37
3311,145.38
3312,163.32
3313,158.08
3314,168.65
3315,137.52
3316,147.77
3317,164.07
3318,158.35
3319,167.62
3320,167.68
3321,147.05
3322,163.32
3323,162.20
3324,148.84
3325,163.12
3326,160.40
3327,163.31
3328,167.04
3329,147.40
3330,160.81
3331,162.50
3332,146.15
3333,158.85
3334,156.11
3335,157.39
3336,159.71
3337,156.10
3338,164.85
3339,164.70
3340,155.39
3341,156.06
3342,158.21
3343,155.19
3344,159.20
3345,142.25
3346,160.77
3347,159.55
3348,163.92
3349,167.41
3350,148.67
3351,159.87
3352,162.52
3353,147.66
3354,161.50
3355,153.31
3356,156.97
3357,160.27
3358,155.50
3359,167.70
3360,158.46
3361,157.37
3362,161.76
3363,157.06
3364,167.56
3365,162.13
3366,148.79
3367,163.42
3368,158.66
3369,154.52
3370,159.27
3371,151.82
3372,156.91
3373,160.76
3374,155.49
3375,164.78
3376,154.60
3377,160.24
3378,163.04
3379,145.33
3380,170.95
3381,158.41
3382,156.59
3383,163.60
3384,163.36
3385,155.40
3386,159.03
3387,151.06
3388,159.17
3389,158.61
3390,150.80
3391,158.06
3392,151.65
3393,155.17
3394,156.09
3395,146.03
3396,159.87
3397,152.72
3398,156.85
3399,161.40
3400,153.56
3401,155.55
3402,155.46
3403,161.80
3404,165.46
3405,146.63
3406,163.20
3407,161.87
3408,146.13
3409,158.97
3410,164.47
3411,165.19
3412,166.01
3413,148.50
3414,162.04
3415,159.70
3416,147.35
3417,160.15
3418,159.07
3419,166.49
3420,155.71
3421,151.39
3422,164.83
3423,163.03
3424,146.09
3425,145.86
3426,152.04
3427,163.38
3428,168.98
3429,147.74
3430,162.31
3431,167.54
3432,162.02
3433,166.64
3434,152.56
3435,156.45
3436,163.95
3437,146.10
3438,161.69
3439,159.89
3440,162.82
3441,166.44
3442,147.45
3443,163.88
3444,159.07
3445,148.20
3446,158.42
3447,160.39
3448,165.57
3449,167.05
3450,148.88
3451,159.73
3452,163.09
3453,148.00
3454,161.10
3455,155.36
3456,167.06
3457,156.20
3458,152.08
3459,164.72
3460,153.38
3461,168.39
3462,159.62
3463,152.21
3464,154.44
3465,157.83
3466,156.14
3467,155.83
3468,164.45
3469,157.98
3470,164.06
3471,143.71
3472,162.65
3473,159.90
3474,143.55
3475,163.76
3476,146.75
3477,160.71
3478,159.41
3479,147.87
3480,161.45
3481,161.87
3482,164.84
3483,161.43
3484,147.20
3485,165.19
3486,162.50
3487,148.66
3488,157.11
3489,167.86
3490,166.31
3491,163.94
3492,145.89
3493,162.27
3494,161.02
3495,159.20
3496,157.36
3497,159.83
3498,159.53
3499,166.40
3500,148.65
3501,158.93
3502,161.12
3503,150.18
3504,161.52
3505,158.27
3506,165.93
3507,167.45
3508,145.96
3509,161.80
3510,163.04
3511,165.17
3512,165.84
3513,154.24
3514,158.03
3515,163.07
3516,146.85
3517,159.13
3518,159.65
3519,160.17
3520,154.83
3521,149.11
3522,153.50
3523,149.17
3524,152.98
3525,156.26
3526,155.05
3527,157.95
3528,158.75
3529,145.32
3530,154.90
3531,92.34
3532,164.08
3533,161.47
3534,158.00
3535,159.05
3536,157.88
3537,165.42
3538,158.96
3539,144.34
3540,162.44
3541,147.56
3542,166.42
3543,159.63
3544,144.61
3545,160.75
3546,161.64
3547,165.08
3548,155.06
3549,148.48
3550,154.12
3551,156.16
3552,143.33
3553,161.70
3554,141.59
3555,159.87
3556,157.31
3557,146.18
3558,164.55
3559,154.67
3560,155.03
3561,142.35
3562,152.60
3563,155.55
3564,156.93
3565,162.97
3566,168.06
3567,145.18
3568,162.51
3569,156.64
3570,153.80
3571,159.28
3572,153.23
3573,155.67
3574,159.02
3575,155.37
3576,164.09
3577,165.74
3578,164.17
3579,157.22
3580,152.81
3581,165.64
3582,168.55
3583,145.92
3584,162.42
3585,162.06
3586,162.98
3587,168.22
3588,144.09
3589,163.02
3590,164.74
3591,147.93
3592,159.96
3593,160.55
3594,164.40
3595,166.73
3596,147.46
3597,162.71
3598,162.20
3599,148.38
3600,161.08
3601,162.79
3602,165.42
3603,163.77
3604,148.70
3605,162.14
3606,161.30
3607,147.17
3608,159.75
3609,161.82
3610,165.70
3611,165.03
3612,145.55
3613,161.40
3614,163.75
3615,147.49
3616,162.01
3617,157.69
3618,154.44
3619,160.38
3620,142.47
3621,160.74
3622,150.53
3623,158.05
3624,159.55
3625,145.02
3626,161.38
3627,160.76
3628,145.48
3629,160.21
3630,160.30
3631,165.73
3632,67.02
3633,154.48
3634,158.38
3635,144.67
3636,156.69
3637,144.34
3638,171.43
3639,159.11
3640,152.48
3641,160.99
3642,142.74
3643,159.91
3644,159.15
3645,147.12
3646,161.32
3647,144.53
3648,155.66
3649,161.69
3650,147.75
3651,162.24
3652,151.71
3653,156.66
3654,160.16
3655,142.35
3656,163.75
3657,158.15
3658,154.92
3659,159.76
3660,146.85
3661,157.48
3662,165.74
3663,149.56
3664,153.21
3665,152.05
3666,165.40
3667,153.13
3668,141.92
3669,165.92
3670,159.37
3671,148.69
3672,145.49
3673,143.73
3674,162.87
3675,162.82
3676,162.57
3677,165.96
3678,146.50
3679,163.89
3680,167.28
3681,149.34
3682,156.82
3683,165.79
3684,161.41
3685,154.74
3686,151.23
3687,169.13
3688,143.05
3689,155.88
3690,165.50
3691,147.90
3692,160.86
3693,162.08
3694,145.52
3695,161.55
3696,162.70
3697,165.89
3698,154.96
3699,148.10
3700,167.95
3701,163.22
3702,150.22
3703,161.15
3704,162.21
3705,168.38
3706,163.53
3707,147.38
3708,163.13
3709,163.67
3710,145.00
3711,163.05
3712,161.86
3713,164.77
3714,171.16
3715,143.42
3716,164.07
3717,162.32
3718,157.23
3719,165.50
3720,153.12
3721,159.91
3722,162.89
3723,147.07
3724,158.55
3725,157.24
3726,164.20
3727,167.02
3728,163.38
3729,154.98
3730,160.17
3731,146.15
3732,160.04
3733,162.11
3734,159.23
3735,151.83
3736,151.10
3737,155.90
3738,155.57
3739,159.62
3740,167.45
3741,96.94
3742,168.75
3743,166.45
3744,168.30
3745,159.52
3746,143.40
3747,158.21
3748,158.97
3749,151.80
3750,157.43
3751,143.66
3752,159.23
3753,162.82
3754,146.18
3755,163.16
3756,165.12
3757,159.41
3758,152.82
3759,144.45
3760,159.82
3761,158.11
3762,144.84
3763,163.03
3764,151.46
3765,156.96
3766,160.93
3767,142.91
3768,161.54
3769,160.32
3770,167.93
3771,162.83
3772,147.70
3773,159.00
3774,162.85
3775,149.13
3776,161.10
3777,157.27
3778,156.00
3779,158.82
3780,151.24
3781,166.46
3782,162.07
3783,163.83
3784,160.18
3785,152.28
3786,158.92
3787,160.19
3788,149.13
3789,156.29
3790,157.03
3791,162.94
3792,165.50
3793,144.60
3794,161.95
3795,161.71
3796,145.85
3797,159.29
3798,100.15
3799,53.52
3800,161.95
3801,162.18
3802,169.88
3803,155.88
3804,147.56
3805,161.30
3806,162.37
3807,156.01
3808,172.83
3809,150.30
3810,164.29
3811,160.92
3812,149.22
3813,165.80
3814,126.80
3815,157.24
3816,170.40
3817,149.57
3818,168.53
3819,164.61
3820,166.18
3821,169.04
3822,166.37
3823,168.61
3824,165.08
3825,143.03
3826,165.69
3827,163.18
3828,140.78
3829,165.21
3830,156.35
3831,155.24
3832,157.36
3833,147.79
3834,158.33
3835,161.09
3836,166.42
3837,164.68
3838,156.59
3839,56.69
3840,159.67
3841,132.51
3842,150.41
3843,141.07
3844,144.28
3845,156.63
3846,131.81
3847,154.30
3848,155.95
3849,147.44
3850,164.04
3851,166.60
3852,143.70
3853,165.86
3854,144.07
3855,166.56
3856,166.69
3857,154.49
3858,168.49
3859,151.36
3860,155.50
3861,163.90
3862,141.95
3863,121.05
3864,152.32
3865,166.49
3866,150.85
3867,145.21
3868,156.46
3869,152.16
3870,149.18
3871,161.65
3872,142.89
3873,161.15
3874,150.56
3875,158.73
3876,160.63
3877,142.28
3878,157.65
3879,159.69
3880,142.76
3881,151.79
3882,139.06
3883,160.30
3884,160.99
3885,141.92
3886,164.61
3887,147.71
3888,156.45
3889,161.23
3890,143.51
3891,164.43
3892,163.31
3893,165.34
3894,167.01
3895,150.94
3896,159.76
3897,160.74
3898,142.93
3899,164.00
3900,138.05
3901,153.61
3902,157.74
3903,138.25
3904,170.10
3905,152.84
3906,167.18
3907,155.75
3908,136.24
3909,160.90
3910,160.30
3911,164.37
3912,160.54
3913,146.49
3914,175.99
3915,158.35
3916,141.86
3917,159.23
3918,143.54
3919,162.46
3920,163.48
3921,143.14
3922,163.69
3923,164.33
3924,156.72
3925,156.51
3926,149.80
3927,166.27
3928,154.11
3929,153.07
3930,163.42
3931,146.61
3932,161.44
3933,164.47
3934,157.16
3935,157.99
3936,158.64
3937,162.41
3938,168.68
3939,144.69
3940,163.18
3941,163.38
3942,144.89
3943,162.85
3944,167.08
3945,159.92
3946,165.94
3947,146.01
3948,171.21
3949,154.51
3950,85.39
3951,165.59
3952,140.69
3953,157.75
3954,139.99
3955,163.03
3956,159.47
3957,142.76
3958,165.02
3959,150.52
3960,156.68
3961,159.26
3962,143.97
3963,165.23
3964,162.59
3965,150.21
3966,163.92
3967,140.94
3968,159.70
3969,160.91
3970,128.83
3971,160.51
3972,145.70
3973,160.24
3974,159.32
3975,142.62
3976,172.03
3977,145.63
3978,157.85
3979,158.60
3980,141.81
3981,163.79
3982,162.52
3983,171.72
3984,160.43
3985,138.09
3986,165.07
3987,64.42
3988,55.72
3989,157.20
3990,151.94
3991,171.34
3992,142.44
3993,136.87
3994,160.98
3995,145.89
3996,154.67
3997,140.09
3998,159.32
3999,161.02
4000,138.59
4001,153.78
4002,153.40
4003,162.43
4004,151.04
4005,151.27
4006,155.49
4007,162.03
4008,162.17
4009,163.51
4010,155.18
4011,158.06
4012,156.29
4013,148.15
4014,160.26
4015,165.55
4016,164.46
4017,160.42
4018,142.11
4019,171.44
4020,164.12
4021,148.52
4022,160.13
4023,153.17
4024,155.01
4025,153.55
4026,151.62
4027,151.74
4028,142.34
4029,167.15
4030,162.79
4031,64.66
4032,155.74
4033,162.78
4034,155.95
4035,153.54
4036,160.78
4037,151.63
4038,166.17
4039,55.43
4040,155.56
4041,155.99
4042,157.84
4043,157.88
4044,161.16
4045,163.64
4046,151.43
4047,142.53
4048,147.58
4049,155.97
4050,162.13
4051,106.16
4052,163.10
4053,156.96
4054,146.94
4055,162.88
4056,103.70
4057,153.87
4058,149.95
4059,133.65
4060,159.42
4061,154.80
4062,142.95
4063,150.09
4064,162.51
4065,166.13
4066,145.00
4067,162.18
4068,136.97
4069,156.45
4070,83.99
4071,160.76
4072,128.93
4073,163.75
4074,65.43
4075,167.81
4076,140.84
4077,158.51
4078,64.09
4079,160.70
4080,148.06
4081,166.76
4082,161.63
4083,166.16
4084,161.36
4085,148.56
4086,131.45
4087,146.59
4088,139.88
4089,161.85
4090,139.71
4091,168.02
4092,162.14
4093,161.68
4094,155.08
4095,150.20
4096,152.46
4097,155.86
4098,143.50
4099,158.79
4100,150.57
4101,156.15
4102,155.92
4103,146.77
4104,163.25
4105,159.97
4106,150.09
4107,152.44
4108,142.24
4109,160.99
4110,150.70
4111,161.82
4112,162.53
4113,144.77
4114,161.25
4115,159.15
4116,146.63
4117,161.95
4118,144.81
4119,163.51
4120,158.52
4121,147.95
4122,154.19
4123,160.02
4124,162.03
4125,153.99
4126,142.92
4127,131.24
4128,144.33
4129,160.43
4130,163.64
4131,142.78
4132,162.61
4133,166.22
4134,150.49
4135,167.24
4136,151.44
4137,165.41
4138,155.40
4139,149.29
4140,152.56
4141,132.24
4142,161.62
4143,152.02
4144,136.72
4145,160.58
4146,145.71
4147,155.35
4148,142.51
4149,151.95
4150,164.17
4151,162.80
4152,156.09
4153,152.36
4154,142.54
4155,162.81
4156,160.23
4157,155.70
4158,157.54
4159,141.43
4160,150.87
4161,159.98
4162,155.67
4163,160.62
4164,134.36
4165,162.36
4166,152.34
4167,125.56
4168,157.88
4169,149.01
4170,159.36
4171,156.85
4172,146.32
4173,162.81
4174,151.22
4175,156.95
4176,159.97
4177,141.60
4178,159.40
4179,156.84
4180,64.39
4181,140.32
4182,166.17
4183,149.16
4184,157.57
4185,155.81
4186,145.35
4187,165.00
4188,145.51
4189,160.34
4190,157.28
4191,150.54
4192,157.27
4193,155.88
4194,160.08
4195,165.33
4196,142.38
4197,160.90
4198,160.77
4199,152.09
4200,161.26
4201,148.38
4202,157.45
4203,160.89
4204,136.48
4205,167.73
4206,146.46
4207,157.92
4208,160.25
4209,152.06
4210,155.61
4211,159.72
4212,150.19
4213,157.53
4214,151.11
4215,154.04
4216,156.80
4217,148.66
4218,156.96
4219,142.66
4220,162.49
4221,146.97
4222,163.67
4223,157.67
4224,142.39
4225,153.11
4226,154.70
4227,143.53
4228,157.23
4229,142.02
4230,160.14
4231,161.73
4232,146.66
4233,161.49
4234,145.37
4235,158.45
4236,162.95
4237,145.30
4238,160.14
4239,158.94
4240,154.40
4241,158.09
4242,139.65
4243,161.14
4244,160.98
4245,149.21
4246,161.65
4247,139.61
4248,163.47
4249,155.31
4250,147.41
4251,152.58
4252,154.43
4253,164.31
4254,166.88
4255,141.20
4256,157.97
4257,147.91
4258,154.20
4259,153.58
4260,123.76
4261,151.75
4262,153.92
4263,159.56
4264,154.12
4265,141.61
4266,164.16
4267,157.18
4268,161.42
4269,163.91
4270,140.07
4271,164.45
4272,152.39
4273,140.20
4274,162.38
4275,144.66
4276,155.72
4277,162.33
4278,133.38
4279,154.13
4280,144.86
4281,157.32
4282,140.58
4283,140.41
4284,156.96
4285,146.12
4286,163.37
4287,155.24
4288,144.27
4289,164.37
4290,145.06
4291,162.92
4292,149.35
4293,143.54
4294,151.69
4295,144.67
4296,152.66
4297,164.34
4298,145.01
4299,163.26
4300,141.43
4301,161.33
4302,149.00
4303,150.14
4304,162.83
4305,149.97
4306,157.47
4307,160.64
4308,142.91
4309,152.74
4310,154.08
4311,160.01
4312,152.91
4313,137.40
4314,157.15
4315,154.61
4316,148.76
4317,159.36
4318,145.47
4319,152.64
4320,153.21
4321,146.20
4322,167.91
4323,146.83
4324,150.79
4325,156.25
4326,146.07
4327,152.58
4328,149.68
4329,159.01
4330,150.29
4331,141.31
4332,154.96
4333,142.40
4334,161.29
4335,160.83
4336,144.22
4337,158.27
4338,159.97
4339,151.81
4340,158.99
4341,140.05
4342,151.79
4343,162.25
4344,155.64
4345,161.66
4346,144.57
4347,163.15
4348,150.09
4349,152.32
4350,162.03
4351,145.03
4352,162.94
4353,153.65
4354,150.91
4355,163.00
4356,130.79
4357,159.85
4358,159.95
4359,145.47
4360,169.32
4361,154.56
4362,163.78
4363,165.07
4364,145.90
4365,158.79
4366,160.07
4367,147.14
4368,160.49
4369,145.50
4370,149.99
4371,157.67
4372,146.03
4373,156.72
4374,158.59
4375,162.02
4376,153.83
4377,151.45
4378,155.15
4379,153.18
4380,158.54
4381,155.85
4382,147.19
4383,152.65
4384,157.51
4385,143.67
4386,156.23
4387,145.00
4388,160.66
4389,158.34
4390,149.59
4391,163.35
4392,159.81
4393,166.54
4394,153.83
4395,148.21
4396,153.89
4397,153.95
4398,162.92
4399,163.20
4400,154.25
4401,158.28
4402,161.03
4403,143.98
4404,155.84
4405,150.10
4406,159.78
4407,159.75
4408,141.53
4409,146.64
4410,151.77
4411,160.74
4412,153.42
4413,139.99
4414,156.63
4415,161.48
4416,165.14
4417,156.43
4418,157.44
4419,160.58
4420,159.69
4421,147.81
4422,161.39
4423,163.79
4424,166.18
4425,157.24
4426,150.38
4427,165.76
4428,166.98
4429,145.06
4430,157.55
4431,162.15
4432,154.80
4433,153.46
4434,152.14
4435,153.44
4436,138.57
4437,160.33
4438,153.34
4439,147.94
4440,153.29
4441,155.98
4442,162.44
4443,149.40
4444,154.56
4445,162.71
4446,152.47
4447,152.23
4448,149.21
4449,160.03
4450,161.85
4451,158.82
4452,146.96
4453,159.30
4454,159.90
4455,167.27
4456,157.06
4457,147.24
4458,157.38
4459,160.14
4460,141.26
4461,164.48
4462,161.66
4463,165.04
4464,167.43
4465,151.21
4466,156.51
4467,158.44
4468,148.90
4469,161.93
4470,142.99
4471,160.41
4472,164.07
4473,147.91
4474,161.96
4475,161.41
4476,164.27
4477,167.26
4478,154.29
4479,159.05
4480,158.14
4481,146.08
4482,162.38
4483,165.62
4484,162.30
4485,161.80
4486,146.27
4487,164.66
4488,160.24
4489,157.37
4490,156.23
4491,160.68
4492,164.48
4493,164.47
4494,147.10
4495,151.89
4496,155.96
4497,158.10
4498,160.22
4499,156.61
4500,154.90
4501,163.00
4502,155.00
4503,157.52
4504,159.11
4505,168.32
4506,163.44
4507,154.88
4508,165.19
4509,154.51
4510,138.09
4511,162.15
4512,159.25
4513,162.54
4514,163.19
4515,148.73
4516,162.97
4517,164.95
4518,148.08
4519,162.79
4520,156.52
4521,162.93
4522,157.31
4523,150.90
4524,165.77
4525,161.03
4526,149.86
4527,161.42
4528,151.98
4529,157.98
4530,152.05
4531,148.96
4532,161.32
4533,160.08
4534,165.85
4535,163.90
4536,144.41
4537,163.97
4538,162.54
4539,149.35
4540,161.62
4541,160.60
4542,163.47
4543,156.64
4544,149.01
4545,166.20
4546,164.76
4547,145.19
4548,163.38
4549,155.24
4550,157.80
4551,161.85
4552,143.19
4553,161.75
4554,160.66
4555,163.44
4556,166.35
4557,147.08
4558,161.94
4559,162.35
4560,146.91
4561,161.36
4562,161.34
4563,164.49
4564,167.73
4565,147.80
4566,163.40
4567,167.70
4568,111.54
4569,169.34
4570,143.46
4571,165.82
4572,165.38
4573,150.18
4574,159.61
4575,154.76
4576,152.60
4577,159.78
4578,142.87
4579,159.96
4580,165.96
4581,139.87
4582,164.62
4583,145.49
4584,161.18
4585,166.67
4586,158.38
4587,166.50
4588,147.09
4589,163.56
4590,164.95
4591,156.14
4592,159.97
4593,156.12
4594,159.43
4595,164.51
4596,149.20
4597,162.58
4598,158.17
4599,157.51
4600,157.56
4601,158.41
4602,163.60
4603,165.85
4604,156.06
4605,157.74
4606,166.54
4607,154.52
4608,166.52
4609,168.19
4610,148.86
4611,169.51
4612,149.36
4613,165.63
4614,155.80
4615,152.04
4616,162.87
4617,168.64
4618,163.10
4619,155.66
4620,157.03
4621,169.18
4622,160.54
4623,145.11
4624,161.10
4625,158.08
4626,151.60
4627,156.61
4628,151.84
4629,154.56
4630,160.43
4631,148.82
4632,159.79
4633,150.89
4634,157.71
4635,156.28
4636,144.86
4637,158.91
4638,148.40
4639,157.86
4640,160.97
4641,145.63
4642,155.87
4643,162.22
4644,154.93
4645,159.74
4646,142.31
4647,157.06
4648,159.32
4649,154.50
4650,160.04
4651,149.01
4652,164.88
4653,155.88
4654,154.01
4655,168.29
4656,160.35
4657,167.06
4658,154.82
4659,144.14
4660,159.80
4661,157.38
4662,143.88
4663,162.37
4664,153.02
4665,158.87
4666,159.58
4667,142.38
4668,171.87
4669,165.39
4670,160.97
4671,163.54
4672,154.42
4673,156.03
4674,157.92
4675,146.93
4676,150.10
4677,165.33
4678,154.48
4679,168.83
4680,150.60
4681,163.55
4682,163.12
4683,147.37
4684,162.74
4685,157.36
4686,154.68
4687,173.13
4688,149.45
4689,160.34
4690,154.86
4691,149.86
4692,158.01
4693,151.42
4694,164.54
4695,165.15
4696,146.91
4697,163.89
4698,163.89
4699,165.31
4700,166.60
4701,143.21
4702,163.88
4703,162.89
4704,154.84
4705,155.50
4706,154.62
4707,166.53
4708,164.56
4709,147.73
4710,162.29
4711,159.56
4712,150.89
4713,163.69
4714,142.63
4715,160.19
4716,149.53
4717,150.03
4718,164.33
4719,161.85
4720,155.35
4721,160.28
4722,152.13
4723,153.79
4724,155.63
4725,153.62
4726,164.05
4727,155.95
4728,158.35
4729,162.59
4730,144.93
4731,165.65
4732,160.81
4733,145.44
4734,163.74
4735,151.12
4736,166.04
4737,133.58
Frame, FPS
1,0.00
2,178.45
3,156.52
4,172.67
5,188.58
6,189.90
7,185.53
8,180.35
9,171.56
10,181.78
11,183.69
12,186.95
13,184.73
14,188.54
15,170.15
16,169.01
17,171.37
Frame, FPS
1,0.00
2,29.92
3,43.92
4,44.34
5,132.76
6,122.51
7,26.60
8,182.20
9,172.64
10,171.86
11,164.54
12,188.59
13,189.02
14,181.70
15,176.16
16,179.86
17,185.92
18,192.75
19,193.72
20,192.96
21,188.74
22,199.97
23,195.95
24,198.44
25,182.06
26,186.54
27,203.07
28,190.99
29,196.41
30,199.39
31,183.11
32,186.58
33,202.81
34,199.86
35,205.12
36,211.23
37,212.13
38,200.41
39,210.98
40,203.55
41,221.13
42,111.20
43,229.25
44,237.07
45,246.11
46,245.31
47,250.93
48,231.82
49,215.68
50,266.60
51,293.39
52,293.64
53,301.53
54,324.85
55,345.41
56,362.71
57,406.77
58,488.62
59,484.28
60,439.29
61,475.67
62,522.71
63,468.10
64,444.31
65,435.86
66,447.51
67,403.50
68,338.07
69,319.00
70,290.51
71,228.66
72,186.61
73,261.61
74,247.87
75,247.56
76,238.56
77,236.07
78,229.59
79,228.04
80,223.58
81,216.29
82,214.92
83,223.42
84,224.64
85,232.28
86,208.18
87,199.71
88,195.78
89,205.71
90,200.61
91,200.27
92,198.47
93,196.79
94,185.57
95,198.53
96,196.53
97,191.09
98,192.30
99,181.72
100,198.04
101,196.71
102,194.14
103,185.55
104,196.47
105,196.30
106,198.38
107,180.97
108,193.89
109,199.10
110,191.04
111,181.08
112,199.22
113,198.85
114,178.26
115,180.11
116,196.61
117,195.00
118,198.37
119,191.07
120,185.76
121,198.79
122,198.04
123,195.21
124,179.58
125,199.00
126,195.84
127,195.69
128,175.47
129,188.60
130,191.81
131,198.37
132,196.43
133,185.01
134,196.61
135,196.15
136,194.23
137,186.21
138,198.10
139,201.00
140,199.66
141,193.82
142,182.97
143,197.85
144,199.27
145,192.84
146,180.26
147,196.61
148,194.86
149,195.78
150,189.87
151,184.19
152,190.48
153,197.05
154,195.81
155,181.66
156,199.45
157,198.40
158,189.56
159,199.88
160,194.21
161,193.90
162,188.63
163,190.09
164,190.65
165,193.03
166,192.15
167,191.47
168,197.78
169,175.48
170,198.89
171,162.26
172,193.51
173,199.88
174,200.67
175,193.65
176,183.07
177,201.01
178,203.62
179,207.52
180,215.58
181,231.49
182,233.54
183,215.59
184,197.32
185,185.36
186,189.77
187,219.88
188,199.81
189,194.59
190,181.84
191,198.00
192,197.30
193,190.98
194,186.19
195,197.23
196,195.74
197,181.76
198,199.90
199,193.69
200,194.57
201,184.91
202,196.59
203,196.81
204,197.95
205,192.82
206,183.68
207,194.80
208,197.69
209,192.37
210,179.75
211,196.36
212,196.37
213,187.52
214,185.53
215,183.97
216,197.73
217,194.65
218,187.47
219,198.23
220,194.81
221,197.36
222,182.44
223,196.64
224,195.32
225,199.45
226,183.11
227,197.35
228,190.23
229,194.66
230,193.24
231,193.57
232,181.51
233,190.82
234,191.68
235,196.91
236,195.40
237,175.94
238,196.31
239,197.09
240,197.21
241,195.08
242,181.72
243,179.05
244,187.57
245,196.98
246,197.37
247,175.43
248,177.09
249,181.69
250,193.49
251,194.45
252,192.26
253,184.81
254,195.91
255,191.14
256,193.93
257,183.65
258,180.02
259,197.83
260,196.40
261,184.03
262,194.13
263,193.12
264,196.61
265,196.38
266,175.33
267,196.36
268,195.87
269,193.33
270,185.22
271,196.96
272,205.19
273,177.58
274,194.89
275,197.89
276,203.68
277,177.02
278,194.80
279,196.29
280,196.12
281,180.22
282,197.53
283,196.71
284,197.52
285,179.48
286,196.67
287,196.18
288,192.09
289,191.23
290,184.49
291,197.89
292,196.88
293,185.44
294,192.14
295,192.61
296,181.47
297,196.93
298,195.63
299,181.85
300,194.17
301,197.49
302,198.61
303,176.81
304,194.28
305,197.72
306,192.12
307,182.73
308,193.86
309,192.98
310,195.28
311,182.31
312,196.30
313,196.06
314,184.94
315,191.49
316,197.11
317,196.18
318,180.11
319,196.26
320,195.91
321,196.63
322,198.31
323,191.14
324,183.23
325,173.18
326,194.84
327,145.96
328,147.96
329,149.01
330,146.22
331,143.63
332,141.04
333,196.92
334,193.97
335,180.50
336,179.48
337,198.13
338,197.51
339,148.72
340,139.07
341,155.92
342,153.63
343,142.87
344,162.93
345,158.20
346,168.92
347,162.04
348,148.95
349,167.78
350,165.11
351,177.32
352,172.09
353,170.22
354,166.51
355,191.55
356,196.24
357,213.09
358,204.87
359,194.76
360,191.63
361,203.60
362,212.01
363,204.58
364,190.89
365,177.42
366,182.58
367,178.06
368,199.58
369,166.72
370,164.91
371,166.56
372,155.59
373,158.51
374,168.16
375,166.28
376,164.68
377,166.66
378,159.00
379,155.52
380,159.39
381,153.89
382,157.24
383,160.45
384,161.05
385,160.05
386,159.28
387,151.69
388,156.47
389,148.05
390,156.06
391,164.28
392,161.20
393,158.31
394,189.30
395,204.22
396,205.03
397,203.62
398,201.09
399,209.55
400,191.11
401,205.77
402,203.91
403,203.26
404,197.16
405,197.72
406,215.06
407,219.48
408,211.29
409,228.89
410,218.11
411,201.01
412,206.33
413,209.82
414,218.77
415,215.23
416,207.15
417,197.88
418,194.69
419,197.69
420,212.93
421,212.41
422,215.58
423,209.74
424,212.67
425,217.18
426,215.53
427,197.43
Frame, FPS
1,0.00
2,28.75
3,36.09
4,42.31
5,46.52
6,154.77
7,20.00
8,182.37
9,184.26
10,180.52
11,172.65
12,160.21
13,167.92
14,168.20
15,168.42
16,170.28
17,166.65
18,172.98
19,170.36
20,170.03
21,167.40
22,168.69
23,171.46
24,174.16
25,168.56
26,168.42
27,169.49
28,165.49
29,162.97
30,167.37
31,168.42
32,166.87
33,169.55
34,162.55
35,170.12
36,168.94
37,169.68
38,171.63
39,170.13
40,168.88
41,164.71
42,161.48
43,166.53
44,179.95
45,171.53
46,160.83
47,137.84
48,156.42
49,162.16
50,174.43
51,172.30
52,154.89
53,174.15
54,157.41
55,160.52
56,184.29
57,183.00
58,181.74
59,184.75
60,187.12
61,175.77
62,186.65
63,184.35
64,185.45
65,188.35
66,183.89
67,179.09
68,186.67
69,182.81
70,183.16
71,186.13
72,186.24
73,183.22
74,182.03
75,177.41
76,179.17
77,179.34
78,180.43
79,111.01
80,157.37
81,182.43
82,157.45
83,187.97
84,184.73
85,182.00
86,186.37
87,182.33
88,182.13
89,191.11
90,181.85
91,185.48
92,184.30
93,187.38
94,185.95
95,190.89
96,183.47
97,181.98
98,188.16
99,179.10
100,175.28
101,159.55
102,159.30
103,160.28
104,171.00
105,173.33
106,151.14
107,148.26
108,162.17
109,158.32
110,161.00
111,158.00
112,145.61
113,162.14
114,177.13
115,155.43
116,151.23
117,161.16
118,149.91
119,157.81
120,178.60
121,175.34
122,157.22
123,158.86
124,185.32
125,156.14
126,159.54
127,159.85
128,184.64
129,177.02
130,186.55
131,186.63
132,180.70
133,185.90
134,176.60
135,186.37
136,186.26
137,178.27
138,183.09
139,159.65
140,166.28
141,150.17
142,158.32
143,167.85
144,184.58
145,159.84
146,170.77
147,153.53
148,156.65
149,182.62
150,167.95
151,187.46
152,181.20
153,175.75
154,178.06
155,181.98
156,182.83
157,173.27
158,175.61
159,188.15
160,178.65
161,155.56
162,154.39
163,153.83
164,184.24
165,187.09
166,157.29
167,181.56
168,173.74
169,177.09
170,185.86
171,184.38
172,143.25
173,152.10
174,156.09
175,172.11
176,186.54
177,187.24
178,193.05
179,147.82
180,148.50
181,158.17
182,139.43
183,166.10
184,187.06
185,189.65
186,188.31
187,155.09
188,180.55
189,188.34
190,187.82
191,188.68
192,183.26
193,167.79
194,176.46
195,153.19
196,160.72
197,188.93
198,188.50
199,159.32
200,152.43
201,154.86
202,179.67
203,155.26
204,162.63
205,188.54
206,159.10
207,163.50
208,153.99
209,161.20
210,192.92
211,156.10
212,152.84
213,187.51
214,157.48
215,173.74
216,157.50
217,158.44
218,173.02
219,188.11
220,192.37
221,154.99
222,174.61
223,169.18
224,155.78
225,185.88
226,186.69
227,156.81
228,163.95
229,174.25
230,153.73
231,156.51
232,185.85
233,174.98
234,153.93
235,163.43
236,171.52
237,187.11
238,154.61
239,156.87
240,174.80
241,182.73
242,186.26
243,190.98
244,188.58
245,187.56
246,187.19
247,182.22
248,188.83
249,186.10
250,146.82
251,161.47
252,186.34
253,182.29
254,155.29
255,158.30
256,187.03
257,168.79
258,192.83
259,170.34
260,156.27
261,160.22
262,155.47
263,192.94
264,182.84
265,156.30
266,187.25
267,156.05
268,191.58
269,188.33
270,188.55
271,171.47
272,162.41
273,175.89
274,149.88
275,178.21
276,154.28
277,164.51
278,160.48
279,144.70
280,150.79
281,151.39
282,122.29
283,138.87
284,143.85
285,149.09
286,150.53
287,152.42
288,180.25
289,178.77
290,151.02
291,157.41
292,185.90
293,166.22
294,154.33
295,158.76
296,167.50
297,152.88
298,174.97
299,159.29
300,150.28
301,178.16
302,161.50
303,173.48
304,188.90
305,155.49
306,165.43
307,150.01
308,159.97
309,160.54
310,188.44
311,167.61
312,158.31
313,164.37
314,172.54
315,159.05
316,159.99
317,172.35
318,168.00
319,186.37
320,185.40
321,181.55
322,186.90
323,182.64
324,180.16
325,180.04
326,192.45
327,187.29
328,191.69
329,186.68
330,186.12
331,186.60
332,187.02
333,191.11
334,188.77
335,187.77
336,186.89
337,188.72
338,189.27
339,188.04
340,185.70
341,183.26
342,187.49
343,183.97
344,187.38
345,188.63
346,187.67
347,186.74
348,188.54
349,190.61
350,186.05
351,175.33
352,159.33
353,164.93
354,168.39
355,163.90
356,161.34
357,172.96
358,175.12
359,173.61
360,176.03
361,178.57
362,175.08
363,155.45
364,175.93
365,156.10
366,159.50
367,185.25
368,185.08
369,186.41
370,188.01
371,189.22
372,187.36
373,188.26
374,188.46
375,188.29
376,185.79
377,187.29
378,192.09
379,189.35
380,185.48
381,189.21
382,189.06
383,186.65
384,171.77
385,181.33
386,182.86
387,183.22
388,179.73
389,179.77
390,179.07
391,179.93
392,178.26
393,169.67
394,161.07
395,170.14
396,166.70
397,165.56
398,158.23
399,170.71
400,166.86
401,170.86
402,165.07
403,169.19
404,171.47
405,177.41
406,177.51
407,184.00
408,186.98
409,187.42
410,188.18
411,187.22
412,186.37
413,188.85
414,188.17
415,188.79
416,188.29
417,187.21
418,187.15
419,186.28
420,187.98
421,187.12
422,186.89
423,185.31
424,179.41
425,179.67
426,178.10
427,175.87
428,181.52
429,171.55
430,165.06
431,168.27
432,157.05
433,166.42
434,177.69
435,175.68
436,187.72
437,188.03
438,187.85
439,187.22
440,183.86
441,186.40
442,186.80
443,161.78
444,172.44
445,159.90
446,168.41
447,165.57
448,165.90
449,167.74
450,177.45
451,159.39
452,164.66
453,167.15
454,175.33
455,172.28
456,173.73
457,185.61
458,181.72
459,183.61
460,186.55
461,185.68
462,188.02
463,188.24
464,188.13
465,187.70
466,188.74
467,189.00
468,189.12
469,188.23
470,186.67
471,188.55
472,187.78
473,187.70
474,186.66
475,184.69
476,170.71
477,164.05
478,165.85
479,158.38
480,164.86
481,156.96
482,170.72
483,178.27
484,178.86
485,188.03
486,189.05
487,185.92
488,187.40
489,188.75
490,189.77
491,189.20
492,192.51
493,190.62
494,191.27
495,190.68
496,186.78
497,187.78
498,187.97
499,187.82
500,188.79
501,189.50
502,196.33
503,194.02
504,190.92
505,181.31
506,171.46
507,180.68
508,184.03
509,179.88
510,195.15
511,186.70
512,195.16
513,206.90
514,210.50
515,209.67
516,198.48
517,204.33
518,211.74
519,193.25
520,210.06
521,217.60
522,216.60
523,225.09
524,208.19
525,189.96
526,200.72
527,199.74
528,183.51
529,191.06
530,189.99
531,188.24
532,199.54
533,200.16
534,201.63
535,200.93
536,199.82
537,201.96
538,199.20
539,202.74
540,202.88
541,198.16
542,202.39
543,201.43
544,199.49
545,202.05
546,201.20
547,201.14
548,202.50
549,206.76
550,196.34
551,199.96
552,199.78
553,200.32
554,178.92
555,178.83
556,177.55
557,174.36
558,181.34
559,189.18
560,189.89
561,199.83
562,199.14
563,184.69
564,188.90
565,170.15
566,171.90
567,194.74
568,201.56
569,200.70
570,174.22
571,179.31
572,164.99
573,176.70
574,199.62
575,202.34
576,210.25
577,209.43
578,206.77
579,198.78
580,175.31
581,179.85
582,207.64
583,205.83
584,207.86
585,206.67
586,196.85
587,201.52
588,205.09
589,196.16
590,193.49
591,186.17
592,184.43
593,180.86
594,198.59
595,206.42
596,207.68
597,207.23
598,207.71
599,206.10
600,197.47
601,190.44
602,181.15
603,181.04
604,172.40
605,177.06
606,176.94
607,193.75
608,193.54
609,202.12
610,205.52
611,206.73
612,207.37
613,148.25
614,162.13
615,165.98
616,159.58
617,162.12
618,164.04
619,162.58
620,159.74
621,175.82
622,165.32
623,161.99
624,148.76
625,144.43
626,149.88
627,140.36
628,149.50
629,154.96
630,165.65
631,162.98
632,160.24
633,160.83
634,165.35
635,168.96
636,166.23
637,161.36
638,164.70
639,171.87
640,172.39
641,146.11
642,137.04
643,136.60
644,137.15
645,136.04
646,157.89
647,159.17
648,152.66
649,158.67
650,161.07
651,166.46
652,145.30
653,156.75
654,144.01
655,139.45
656,144.44
657,146.27
658,144.03
659,142.83
660,142.14
661,140.19
662,142.12
663,137.48
664,138.89
665,142.92
666,139.33
667,152.91
668,138.65
669,138.97
670,149.40
671,154.10
672,156.48
673,154.04
674,149.86
675,167.18
676,155.28
677,145.26
678,139.69
679,137.95
680,141.79
681,145.76
682,154.78
683,157.96
684,151.99
685,144.66
686,147.74
687,147.18
688,142.23
689,144.69
690,140.33
691,147.89
692,143.61
693,153.02
694,147.45
695,143.20
696,151.87
697,142.88
698,138.02
699,139.76
700,137.41
701,133.71
702,135.85
703,135.42
704,133.09
705,143.17
706,143.13
707,144.04
708,146.17
709,145.85
710,145.47
711,147.43
712,145.07
713,144.30
714,136.91
715,145.06
716,134.83
717,135.34
718,145.90
719,137.97
720,134.27
721,137.43
722,141.18
723,146.54
724,145.33
725,149.77
726,155.39
727,157.16
728,144.45
729,155.93
730,140.74
731,140.17
732,155.58
733,142.79
734,147.03
735,149.62
736,158.44
737,157.92
738,158.84
739,145.42
740,157.88
741,154.11
742,146.16
743,144.61
744,136.94
745,151.22
746,154.01
747,149.04
748,153.34
749,168.63
750,162.62
751,158.88
752,178.53
753,151.31
754,160.91
755,164.03
756,158.10
757,163.95
758,157.01
759,165.17
760,172.22
761,165.48
762,160.87
763,159.02
764,152.07
765,170.51
766,173.09
767,178.62
768,193.36
769,221.97
770,201.87
771,186.22
772,200.24
773,179.48
774,170.33
775,162.01
776,139.86
777,127.64
778,121.53
779,133.86
780,135.55
781,146.37
782,169.91
783,169.75
784,179.44
785,214.74
786,199.82
787,201.79
788,170.93
789,171.84
790,161.63
791,170.59
792,140.25
793,133.10
794,136.75
795,134.33
796,128.59
797,135.18
798,143.48
799,146.91
800,139.13
801,159.78
802,153.03
803,156.39
804,154.05
805,151.31
806,158.39
807,156.12
808,156.62
809,148.49
810,161.32
811,151.78
812,162.63
813,152.24
814,145.07
815,148.91
816,142.91
817,144.16
818,144.76
819,141.80
820,147.06
821,155.06
822,154.10
823,157.70
824,160.32
825,163.49
826,155.19
827,148.08
828,146.48
829,131.35
830,137.45
831,152.02
832,154.47
833,159.20
834,150.21
835,150.34
836,145.32
837,154.22
838,153.34
839,146.61
840,144.71
841,144.00
842,145.27
843,151.52
844,142.55
845,153.99
846,154.15
847,153.28
848,152.62
849,151.92
850,153.59
851,151.80
852,149.14
853,147.93
854,140.64
855,152.19
856,154.19
857,155.78
858,147.53
859,154.67
860,162.79
861,151.24
862,148.46
863,139.94
864,146.88
865,151.24
866,159.75
867,156.25
868,144.18
869,151.19
870,138.58
871,151.05
872,144.36
873,121.56
874,153.62
875,140.40
876,146.43
877,150.36
878,150.15
879,150.41
880,148.21
881,146.39
882,150.44
883,140.94
884,141.58
885,142.96
886,142.28
887,135.82
888,141.14
889,145.53
890,137.21
891,138.95
892,155.15
893,147.47
894,155.95
895,148.58
896,152.85
897,143.43
898,143.98
899,141.59
900,135.16
901,136.33
902,136.89
903,151.62
904,153.58
905,150.43
906,157.59
907,155.45
908,148.21
909,145.66
910,143.85
911,152.48
912,144.31
913,138.59
914,145.14
915,138.27
916,138.69
917,139.98
918,152.07
919,150.07
920,146.97
921,155.45
922,149.29
Frame, FPS
1,0.00
2,30.48
3,28.66
4,30.39
5,34.51
6,33.89
7,30.19
8,30.84
9,30.89
10,30.77
11,33.98
12,35.31
13,35.97
14,35.89
15,35.24
16,35.78
17,36.73
18,35.58
19,32.03
20,32.90
21,33.05
22,34.81
23,34.09
24,34.31
25,27.72
26,31.61
27,29.61
28,33.53
29,34.54
30,33.39
31,33.85
32,34.65
33,34.23
34,34.25
35,34.88
36,34.64
37,33.71
38,34.97
39,34.37
40,34.97
41,34.42
42,35.71
43,34.95
44,34.01
45,31.83
46,35.28
47,34.99
48,33.35
49,34.25
50,35.05
51,32.29
52,32.75
53,34.06
54,33.25
55,35.11
56,33.98
57,33.07
58,32.88
59,31.89
60,33.63
61,33.72
62,34.56
63,34.40
64,34.15
65,33.77
66,33.71
67,33.98
68,32.85
69,34.29
70,34.22
71,34.08
72,33.99
73,34.13
74,34.27
75,32.82
76,33.82
77,34.19
78,33.64
79,34.09
80,33.51
81,34.37
82,34.37
83,33.92
84,32.62
85,34.32
86,33.66
87,34.33
88,32.31
89,32.93
90,33.96
91,33.94
92,33.23
93,33.72
94,33.63
95,33.05
96,33.71
97,33.49
98,34.12
99,34.14
100,33.53
101,33.01
102,34.22
103,33.24
104,33.53
105,34.05
106,32.75
107,34.29
108,33.98
109,34.38
110,33.46
111,33.45
112,34.20
113,33.45
114,34.12
115,34.41
116,33.96
117,33.72
118,34.61
119,33.83
120,34.12
121,33.33
122,34.06
123,34.09
124,33.91
125,33.72
126,33.28
127,33.98
128,33.73
129,33.13
130,34.48
131,32.38
132,35.20
133,33.94
134,35.15
135,34.43
136,34.90
137,35.27
138,35.14
139,35.06
140,33.84
141,33.73
142,34.44
143,34.79
144,33.91
145,33.77
146,34.67
147,34.39
148,33.88
149,34.93
150,34.91
151,34.21
152,34.04
153,34.16
154,35.50
155,34.68
156,35.48
157,35.16
158,33.70
159,35.05
160,34.30
161,33.97
162,31.98
163,33.51
164,32.57
165,34.19
166,32.08
167,34.35
168,36.08
169,35.59
170,35.35
171,34.89
172,34.12
173,33.74
174,34.13
175,33.88
176,33.05
177,32.32
178,33.43
179,33.49
180,32.70
181,34.41
182,33.72
183,34.54
184,34.60
185,34.63
186,35.55
187,34.43
188,35.95
189,35.73
190,34.91
191,34.93
192,33.81
193,35.16
194,34.92
195,35.06
196,31.08
197,36.11
198,35.88
199,35.34
200,34.16
201,34.93
202,34.67
203,34.65
204,33.40
205,33.99
206,33.56
207,32.14
208,33.43
209,32.72
210,33.23
211,33.74
212,33.45
213,33.81
214,33.10
215,33.96
216,33.25
217,33.80
218,34.23
219,33.14
220,33.94
221,34.20
222,32.15
223,33.79
224,32.75
225,33.25
226,33.16
227,33.01
228,34.18
229,33.57
230,34.34
231,34.51
232,33.55
233,34.04
234,33.94
235,33.57
236,34.55
237,33.57
238,33.44
239,34.34
240,33.33
241,33.59
242,33.95
243,33.89
244,32.84
245,33.99
246,34.18
247,33.18
248,34.24
249,33.71
250,33.30
251,34.58
252,35.13
253,32.82
254,33.78
255,32.31
256,33.38
257,33.47
258,32.62
259,33.82
260,33.21
261,34.16
262,33.96
263,33.13
264,34.02
265,33.84
266,33.29
267,29.62
268,33.41
269,33.61
270,32.57
271,33.73
272,33.44
273,33.58
274,32.60
275,33.65
276,33.80
277,34.13
278,34.15
279,32.89
280,33.96
281,33.61
282,32.54
283,34.51
284,34.71
285,34.49
286,34.07
287,34.42
288,33.15
289,33.25
290,34.32
291,33.32
292,32.93
293,33.61
294,29.62
295,33.54
296,34.20
297,30.99
298,33.01
299,33.14
300,33.66
301,33.33
302,33.31
303,32.79
304,32.57
305,32.44
306,34.05
307,33.02
308,32.95
309,33.60
310,33.72
311,33.73
312,32.83
313,33.46
314,33.49
315,34.16
316,32.88
317,32.33
318,32.59
319,32.69
320,33.38
321,33.76
322,32.13
323,32.32
324,31.57
325,31.73
326,33.72
327,32.71
328,33.17
329,32.75
330,32.77
331,32.59
332,32.54
333,32.99
334,32.11
335,32.21
336,31.98
337,31.97
338,33.21
339,31.74
340,31.83
341,27.76
342,31.20
343,32.34
344,32.34
345,31.42
346,32.43
347,33.22
348,32.65
349,31.06
350,31.07
351,31.39
352,32.55
353,32.36
354,31.50
355,31.47
356,32.30
357,33.86
358,31.68
359,33.36
360,33.03
361,31.91
362,30.73
363,28.25
364,29.64
365,31.82
366,21.59
367,32.49
368,29.98
369,30.72
370,33.77
371,29.47
372,33.10
373,34.07
374,26.40
375,32.11
376,27.32
377,28.74
378,30.13
379,31.85
380,23.54
381,30.02
382,29.49
383,30.51
384,35.76
385,34.04
386,23.47
387,33.90
388,32.83
389,23.25
390,34.38
391,35.28
392,33.27
393,34.21
394,33.57
395,29.33
396,32.46
397,34.21
398,34.34
399,35.20
400,34.63
401,35.16
402,33.95
403,35.73
404,35.11
405,34.49
406,33.80
407,34.88
408,34.52
409,34.98
410,35.46
411,35.12
412,34.87
413,35.32
414,35.32
415,32.70
416,35.23
417,34.50
418,33.47
419,32.86
420,34.56
421,33.66
422,33.93
423,33.00
424,33.94
425,33.71
426,33.96
427,33.13
428,32.53
429,33.34
430,33.11
431,32.42
432,33.22
433,33.66
434,32.67
435,33.63
436,31.96
437,32.82
438,33.52
439,33.75
440,32.98
441,33.35
442,27.46
443,33.17
444,33.25
445,32.79
446,32.16
447,32.56
448,30.99
449,32.84
450,32.91
451,32.80
452,32.03
453,32.18
454,31.50
455,31.52
456,31.44
457,32.30
458,30.74
459,32.57
460,31.24
461,31.70
462,32.25
463,30.89
464,31.68
465,33.02
466,31.29
467,32.47
468,32.26
469,32.10
470,32.26
471,32.04
472,32.64
473,33.27
474,31.74
475,32.16
476,32.62
477,30.05
478,27.33
479,31.05
480,33.33
481,30.87
482,32.04
483,31.90
484,31.79
485,31.92
486,32.15
487,31.88
488,31.80
489,32.49
490,31.66
491,32.11
492,31.77
493,31.81
494,32.35
495,31.09
496,31.26
497,32.35
498,31.89
499,31.33
500,32.77
501,32.83
502,32.37
503,32.01
504,33.22
505,31.95
506,32.44
507,32.92
508,32.28
509,31.54
510,31.58
511,32.10
512,33.13
513,32.29
514,32.43
515,32.92
516,32.56
517,31.97
518,31.87
519,31.94
520,32.29
521,32.25
522,31.08
523,29.24
524,31.72
525,31.96
526,31.57
527,32.17
528,31.31
529,31.71
530,33.06
531,31.43
532,32.03
533,31.30
534,32.60
535,28.61
536,27.24
537,29.57
538,31.81
539,30.50
540,30.23
541,31.77
542,32.23
543,27.46
544,31.00
545,32.58
546,31.16
547,33.31
548,32.84
549,33.27
550,32.02
551,33.86
552,32.92
553,33.96
554,34.15
555,33.95
556,34.48
557,33.67
558,34.28
559,34.58
560,34.36
561,32.35
562,32.24
563,33.81
564,33.63
565,33.51
566,34.41
567,34.36
568,34.64
569,33.91
570,34.76
571,33.49
572,34.25
573,33.32
574,34.53
575,33.37
576,33.52
577,33.40
578,32.52
579,32.91
580,33.22
581,33.38
582,33.45
583,33.80
584,34.23
585,33.25
586,32.82
587,32.62
588,33.19
589,33.51
590,33.54
591,33.37
592,33.87
593,30.74
594,33.75
595,33.14
596,33.44
597,34.88
598,35.68
599,35.04
600,34.38
601,32.46
602,33.65
603,33.01
604,33.26
605,35.49
606,35.11
607,34.75
608,33.65
609,33.72
610,33.87
611,33.46
612,33.10
613,33.37
614,34.02
615,34.53
616,33.04
617,33.21
618,35.13
619,33.12
620,32.92
621,34.24
622,34.06
623,34.32
624,34.18
625,34.26
626,34.30
627,34.42
628,34.22
629,34.12
630,33.60
631,33.66
632,34.23
633,34.28
634,33.38
635,34.70
636,32.28
637,34.36
638,35.03
639,33.33
640,34.41
641,36.43
642,38.01
643,37.16
644,36.92
645,37.53
646,37.03
647,37.51
648,38.76
649,36.84
650,36.10
651,36.33
652,35.74
653,36.88
654,37.23
655,37.00
656,37.31
657,35.81
658,36.78
659,36.35
660,36.79
661,37.20
662,27.43
663,35.94
664,37.80
665,37.09
666,36.93
667,37.62
668,37.17
669,35.04
670,35.96
671,36.71
672,34.44
673,33.71
674,34.28
675,36.23
676,36.17
677,36.67
678,35.06
679,34.30
680,35.43
681,34.00
682,34.38
683,34.09
684,34.10
685,34.20
686,34.05
687,33.57
688,34.51
689,34.83
690,34.19
691,33.58
692,33.38
693,34.05
694,35.15
695,33.77
696,33.98
697,33.89
698,34.59
699,32.88
700,33.31
701,33.85
702,33.51
703,32.82
704,32.79
705,33.54
706,33.14
707,33.99
708,33.04
709,33.64
710,32.31
711,33.31
712,33.43
713,32.91
714,32.47
715,33.17
716,33.73
717,33.39
718,30.93
719,30.55
720,32.68
721,32.01
722,32.17
723,32.84
724,32.86
725,32.55
726,32.94
727,32.28
728,28.84
729,32.37
730,33.21
731,25.86
732,33.83
733,35.12
734,35.48
735,36.34
736,36.74
737,34.49
738,36.56
739,35.80
740,37.20
741,31.58
742,35.91
743,35.04
744,36.14
745,31.01
746,38.97
747,38.03
748,36.81
749,37.11
750,38.70
751,38.90
752,38.11
753,39.32
754,39.48
755,39.32
756,36.76
757,39.11
758,34.95
759,39.92
760,36.87
761,37.75
762,38.97
763,36.06
764,35.40
765,32.35
766,35.11
767,33.88
768,29.20
769,35.31
770,36.35
771,35.86
772,35.48
773,31.33
774,34.78
775,34.43
776,35.48
777,35.56
778,33.92
779,35.47
780,34.45
781,34.31
782,33.93
783,35.28
784,31.48
785,34.96
786,33.28
787,34.29
788,33.62
789,34.78
790,33.52
791,34.62
792,33.93
793,34.46
794,34.86
795,32.79
796,33.23
797,33.22
798,33.76
799,30.70
800,34.24
801,33.86
802,30.46
803,34.55
804,34.42
805,33.04
806,33.93
807,32.12
808,32.76
809,34.22
810,30.30
811,32.46
812,33.12
813,33.73
814,33.62
815,33.24
816,31.33
817,28.83
818,32.17
819,32.05
820,33.18
821,33.53
822,32.90
823,33.86
824,31.36
825,33.25
826,29.69
827,33.77
828,32.80
829,32.59
830,32.01
831,31.90
832,31.87
833,32.79
834,32.99
835,31.47
836,28.74
837,33.12
838,33.11
839,32.19
840,31.98
841,32.74
842,30.29
843,31.57
844,33.49
845,33.08
846,33.11
847,31.75
848,32.32
849,33.02
850,32.24
851,33.17
852,33.23
853,33.47
854,32.78
855,31.19
856,32.61
857,32.39
858,32.66
859,33.06
860,34.04
861,32.59
862,34.65
863,32.89
864,33.54
865,34.57
866,31.53
867,36.56
868,36.99
869,36.10
870,35.26
871,36.55
872,36.77
873,36.56
874,37.05
875,35.96
876,36.81
877,35.95
878,37.07
879,36.50
880,36.11
881,36.19
882,37.03
883,36.96
884,36.76
885,37.70
886,37.04
887,37.01
888,36.51
889,37.04
890,36.44
891,36.05
892,37.15
893,36.78
894,35.37
895,35.09
896,35.15
897,35.01
898,35.24
899,94.88
900,93.75
901,127.82
902,124.95
903,133.48
904,131.99
905,131.80
906,135.54
907,130.34
908,132.20
909,131.28
910,134.56
911,127.75
912,134.56
913,121.82
914,121.85
915,124.62
916,124.21
917,133.68
918,124.93
919,124.48
920,121.22
921,125.59
922,124.69
923,134.93
924,124.48
925,128.06
926,124.15
927,127.95
928,131.01
929,126.42
930,139.04
931,135.79
932,131.30
933,139.70
934,132.26
935,138.51
936,133.42
937,134.35
938,128.79
939,132.84
940,126.32
941,125.33
942,130.73
943,132.72
944,129.34
945,135.09
946,133.13
947,134.02
948,129.59
949,133.73
950,134.61
951,135.31
952,129.40
953,132.16
954,135.36
955,129.31
956,135.69
957,128.31
958,121.20
959,128.79
960,121.97
961,128.36
962,130.53
963,134.58
964,124.37
965,129.36
966,133.54
967,147.20
968,133.80
969,133.23
970,135.20
971,134.58
972,125.83
973,127.93
974,124.55
975,121.36
976,125.98
977,124.81
978,128.54
979,138.29
980,139.95
981,143.12
982,139.55
983,133.11
984,132.95
985,124.47
986,132.64
987,123.36
988,122.43
989,127.08
990,125.69
991,133.82
992,125.10
993,55.34
994,121.03
995,129.02
996,131.79
997,130.44
998,124.69
999,135.82
1000,126.16
1001,131.13
1002,134.54
1003,121.37
1004,124.28
1005,124.42
1006,125.10
1007,136.90
1008,131.86
1009,137.85
1010,134.52
1011,132.48
1012,122.42
1013,130.68
1014,127.20
1015,125.02
1016,127.95
1017,132.23
1018,136.38
1019,143.14
1020,134.04
1021,131.38
1022,125.25
1023,138.17
1024,120.93
1025,122.98
1026,132.79
1027,119.27
1028,128.08
1029,132.33
1030,124.85
1031,124.16
1032,123.73
1033,139.20
1034,131.25
1035,129.05
1036,125.20
1037,120.76
1038,127.82
1039,131.68
1040,133.70
1041,125.94
1042,129.33
1043,135.37
1044,129.73
1045,122.79
1046,120.89
1047,129.41
1048,134.39
1049,135.48
1050,131.11
1051,117.59
1052,122.40
1053,112.47
1054,57.69
1055,144.25
1056,130.86
1057,128.50
1058,127.06
1059,128.80
1060,122.38
1061,124.13
1062,133.30
1063,134.36
1064,132.97
1065,117.73
1066,123.13
1067,110.02
1068,135.51
1069,120.61
1070,139.37
1071,119.51
1072,121.06
1073,125.53
1074,132.48
1075,119.87
1076,125.71
1077,122.67
1078,126.11
1079,123.68
1080,134.38
1081,136.55
1082,130.02
1083,132.39
1084,128.11
1085,124.21
1086,128.99
1087,128.10
1088,133.12
1089,139.51
1090,133.62
1091,132.10
1092,133.49
1093,130.25
1094,133.58
1095,130.05
1096,129.03
1097,128.84
1098,120.38
1099,126.48
1100,129.30
1101,130.38
1102,122.65
1103,121.60
1104,129.75
1105,120.02
1106,134.18
1107,121.26
1108,137.04
1109,130.08
1110,133.13
1111,133.02
1112,131.83
1113,125.17
1114,123.24
1115,126.06
1116,137.94
1117,143.45
1118,134.31
1119,130.88
1120,123.62
1121,123.61
1122,128.85
1123,123.20
1124,129.28
1125,136.73
1126,135.66
1127,136.37
1128,134.33
1129,133.55
1130,132.28
1131,125.98
1132,127.93
1133,124.33
1134,126.60
1135,132.93
1136,132.13
1137,139.10
1138,129.88
1139,120.82
1140,125.31
1141,128.55
1142,134.67
1143,139.84
1144,131.37
1145,125.37
1146,125.50
1147,126.15
1148,124.78
1149,135.73
1150,134.36
1151,133.24
1152,123.26
1153,123.39
1154,125.23
1155,128.53
1156,134.68
1157,122.33
1158,130.27
1159,117.01
1160,128.47
1161,127.19
1162,127.32
1163,120.15
1164,127.57
1165,116.68
1166,117.71
1167,125.30
1168,134.68
1169,118.94
1170,122.04
1171,121.87
1172,123.95
1173,116.55
1174,123.65
1175,121.32
1176,122.63
1177,127.10
1178,126.15
1179,110.79
1180,123.07
1181,123.37
1182,134.06
1183,125.55
1184,121.06
1185,126.39
1186,135.48
1187,131.16
1188,133.02
1189,118.82
1190,131.70
1191,122.14
1192,120.55
1193,128.83
1194,133.06
1195,119.62
1196,136.77
1197,134.58
1198,122.92
1199,114.75
1200,119.49
1201,121.25
1202,124.08
1203,134.46
1204,133.51
1205,122.65
1206,132.24
1207,125.88
1208,135.33
1209,132.72
1210,122.80
1211,124.36
1212,126.75
1213,133.05
1214,136.78
1215,134.94
1216,130.89
1217,129.05
1218,123.65
1219,129.09
1220,128.95
1221,133.39
1222,134.44
1223,144.95
1224,144.62
1225,145.47
1226,142.03
1227,146.92
1228,146.20
1229,150.75
1230,151.90
1231,154.00
1232,129.16
1233,122.77
1234,133.61
1235,137.44
1236,134.65
1237,142.76
1238,156.34
1239,142.74
1240,139.79
1241,155.87
1242,160.44
1243,152.08
1244,146.16
1245,150.61
1246,147.58
1247,144.37
1248,142.25
1249,149.91
1250,144.09
1251,133.50
1252,143.99
1253,138.21
1254,144.93
1255,154.95
1256,160.43
1257,151.70
1258,145.11
1259,139.37
1260,142.66
1261,147.73
1262,143.08
1263,148.45
1264,143.54
1265,137.25
1266,142.95
1267,140.61
1268,130.22
1269,135.02
1270,137.48
1271,143.66
1272,147.44
1273,146.42
1274,136.01
1275,135.29
1276,141.63
1277,142.25
1278,137.50
1279,136.67
1280,132.13
1281,131.35
1282,129.03
1283,141.29
1284,138.66
1285,140.23
1286,142.94
1287,139.70
1288,149.83
1289,141.67
1290,136.07
1291,130.65
1292,127.61
1293,132.25
1294,131.55
1295,132.45
1296,139.96
1297,145.98
1298,141.05
1299,141.89
1300,138.94
1301,136.60
1302,137.16
1303,134.32
1304,123.75
1305,114.70
1306,125.77
1307,135.96
1308,133.94
1309,121.87
1310,116.09
1311,127.43
1312,136.05
1313,136.68
1314,118.54
1315,117.04
1316,127.92
1317,125.58
1318,136.94
1319,130.84
1320,134.68
1321,120.70
1322,132.23
1323,115.39
1324,122.68
1325,121.72
1326,115.03
1327,124.73
1328,131.00
1329,139.35
1330,120.73
1331,119.16
1332,123.09
1333,115.40
1334,118.26
1335,127.80
1336,135.44
1337,121.29
1338,117.05
1339,118.26
1340,122.44
1341,132.28
1342,141.08
1343,141.75
1344,138.19
1345,142.41
1346,146.69
1347,142.25
1348,135.48
1349,129.15
1350,132.92
1351,125.22
1352,135.97
1353,120.53
1354,116.26
1355,120.71
1356,127.44
1357,46.65
1358,129.38
1359,128.17
1360,136.40
1361,139.91
1362,135.43
1363,136.72
1364,129.14
1365,122.74
1366,115.35
1367,124.53
1368,123.46
1369,133.14
1370,132.44
1371,139.26
1372,126.22
1373,119.77
1374,118.26
1375,122.98
1376,127.64
1377,130.46
1378,135.78
1379,139.29
1380,135.83
1381,118.58
1382,122.39
1383,123.82
1384,124.27
1385,136.88
1386,136.45
1387,138.53
1388,132.42
1389,122.66
1390,116.08
1391,128.83
1392,126.67
1393,131.14
1394,141.19
1395,141.83
1396,137.43
1397,127.59
1398,134.62
1399,123.52
1400,116.37
1401,120.64
1402,124.48
1403,120.02
1404,130.02
1405,139.23
1406,133.36
1407,120.93
1408,124.07
1409,120.67
1410,124.78
1411,137.62
1412,136.26
1413,120.82
1414,110.33
1415,125.95
1416,139.56
1417,131.08
1418,131.20
1419,138.56
1420,128.89
1421,131.02
1422,130.43
1423,122.00
1424,127.26
1425,127.73
1426,122.81
1427,124.34
1428,130.43
1429,120.99
1430,140.03
1431,137.03
1432,133.66
1433,133.76
1434,132.46
1435,126.38
1436,128.97
1437,120.95
1438,127.99
1439,124.04
1440,124.19
1441,116.37
1442,123.35
1443,123.56
1444,133.04
1445,127.12
1446,124.09
1447,123.99
1448,123.32
1449,129.45
1450,127.17
1451,122.27
1452,121.22
1453,119.18
1454,122.12
1455,114.92
1456,113.51
1457,111.09
1458,128.34
1459,112.83
1460,102.54
1461,125.22
1462,120.00
1463,120.71
1464,120.71
1465,131.34
1466,127.52
1467,117.49
1468,135.20
1469,139.17
1470,135.59
1471,113.57
1472,124.25
1473,122.33
1474,126.53
1475,138.92
1476,138.81
1477,135.10
1478,126.68
1479,128.53
1480,128.28
1481,124.68
1482,123.63
1483,119.55
1484,132.53
1485,123.33
1486,139.01
1487,126.34
1488,123.12
1489,120.74
1490,119.21
1491,136.25
1492,130.95
1493,128.15
1494,120.65
1495,128.89
1496,133.55
1497,136.90
1498,134.07
1499,125.28
1500,130.53
1501,119.58
1502,122.53
1503,122.64
1504,141.19
1505,142.22
1506,130.19
1507,130.53
1508,125.25
1509,122.86
1510,122.54
1511,133.69
1512,138.92
1513,134.18
1514,135.92
1515,131.03
1516,128.07
1517,120.18
1518,130.34
1519,135.11
1520,137.14
1521,129.90
1522,131.51
1523,120.56
1524,120.70
1525,129.30
1526,138.17
1527,132.59
1528,140.50
1529,138.23
1530,130.40
1531,135.36
1532,130.27
1533,126.10
1534,117.94
1535,128.23
1536,115.81
1537,135.50
1538,136.65
1539,136.74
1540,128.75
1541,131.61
1542,119.06
1543,123.10
1544,135.87
1545,138.48
1546,129.32
1547,133.56
1548,134.22
1549,118.85
1550,125.36
1551,124.42
1552,123.70
1553,118.51
1554,125.65
1555,130.01
1556,138.09
1557,132.38
1558,143.40
1559,134.50
1560,129.53
1561,129.75
1562,133.76
1563,115.30
1564,145.18
1565,143.49
1566,97.74
1567,137.75
1568,134.50
1569,131.92
1570,121.00
1571,120.17
1572,99.54
1573,137.90
1574,135.64
1575,130.34
1576,99.45
1577,127.97
1578,125.09
1579,121.16
1580,126.44
1581,125.01
1582,110.39
1583,99.73
1584,124.26
1585,127.92
1586,123.70
1587,138.14
1588,127.18
1589,125.47
1590,123.66
1591,122.67
1592,121.20
1593,121.08
1594,120.63
1595,121.86
1596,129.16
1597,127.28
1598,118.67
1599,124.65
1600,134.33
1601,125.01
1602,142.95
1603,134.73
1604,132.24
1605,127.90
1606,119.21
1607,128.24
1608,127.98
1609,136.63
1610,140.23
1611,137.29
1612,125.67
1613,125.82
1614,128.82
1615,119.92
1616,123.84
1617,119.00
1618,127.17
1619,129.51
1620,126.72
1621,139.01
1622,138.49
1623,131.30
1624,130.13
1625,119.01
1626,93.52
1627,134.77
1628,136.60
1629,129.01
1630,116.80
1631,122.78
1632,126.18
1633,137.35
1634,138.63
1635,132.11
1636,136.65
1637,128.31
1638,119.68
1639,121.68
1640,123.16
1641,118.23
1642,129.48
1643,129.43
1644,127.51
1645,130.43
1646,139.52
1647,134.85
1648,126.92
1649,138.59
1650,126.75
1651,132.76
1652,132.12
1653,125.94
1654,124.00
1655,131.39
1656,138.45
1657,128.05
1658,130.08
1659,115.72
1660,119.79
1661,122.53
1662,128.41
1663,121.15
1664,121.80
1665,137.36
1666,141.16
1667,137.48
1668,132.15
1669,118.69
1670,127.27
1671,121.58
1672,128.67
1673,126.69
1674,125.25
1675,136.44
1676,138.14
1677,120.94
1678,134.33
1679,133.85
1680,138.55
1681,129.63
1682,127.91
1683,126.35
1684,127.64
1685,134.99
1686,137.71
1687,138.95
1688,133.21
1689,138.37
1690,135.68
1691,137.72
1692,136.17
1693,141.26
1694,125.38
1695,131.59
1696,116.37
1697,129.40
1698,124.28
1699,118.23
1700,121.18
1701,127.42
1702,126.63
1703,125.65
1704,136.65
1705,132.38
1706,133.54
1707,142.86
1708,123.69
1709,132.40
1710,141.81
1711,126.34
1712,124.68
1713,129.71
1714,119.93
1715,109.69
1716,114.71
1717,126.89
1718,127.51
1719,138.10
1720,134.22
1721,119.09
1722,130.99
1723,124.52
1724,123.07
1725,119.17
1726,127.86
1727,120.47
1728,136.33
1729,139.86
1730,137.20
1731,130.95
1732,137.67
1733,129.19
1734,120.05
1735,124.34
1736,125.14
1737,136.74
1738,131.50
1739,139.36
1740,135.34
1741,140.13
1742,140.25
1743,138.79
1744,130.90
1745,121.45
1746,115.25
1747,110.17
1748,133.93
1749,138.05
1750,139.42
1751,136.61
1752,96.40
1753,113.37
1754,100.88
1755,114.07
1756,124.10
1757,129.91
1758,132.63
1759,140.96
1760,123.79
1761,116.88
1762,127.05
1763,123.76
1764,134.43
1765,133.70
1766,140.59
1767,139.92
1768,137.04
1769,145.06
1770,139.37
1771,113.28
1772,123.33
1773,106.58
1774,113.10
1775,105.24
1776,114.23
1777,116.72
1778,117.14
1779,123.04
1780,110.47
1781,111.81
1782,111.03
1783,109.02
1784,116.05
1785,110.98
1786,130.26
1787,128.68
1788,114.05
1789,126.29
1790,127.81
1791,124.71
1792,125.39
1793,99.78
1794,112.73
1795,115.14
1796,117.40
1797,122.35
1798,126.77
1799,131.88
1800,132.93
1801,132.62
1802,130.20
1803,122.85
1804,137.92
1805,134.18
1806,134.79
1807,129.15
1808,127.52
1809,136.34
1810,127.44
1811,119.75
1812,125.38
1813,105.96
1814,113.40
1815,108.30
1816,115.92
1817,106.19
1818,109.00
1819,114.18
1820,115.96
1821,116.03
1822,121.51
1823,126.75
1824,124.00
1825,135.50
1826,131.08
1827,122.48
1828,137.78
1829,134.32
1830,132.13
1831,128.52
1832,128.74
1833,125.65
1834,127.29
1835,133.20
1836,110.44
1837,118.19
1838,123.00
1839,122.70
1840,131.29
1841,135.16
1842,129.32
1843,127.61
1844,112.77
1845,123.72
1846,118.25
1847,140.59
1848,132.60
1849,125.33
1850,118.51
1851,122.35
1852,120.61
1853,134.81
1854,125.57
1855,125.48
1856,123.87
1857,124.56
1858,137.82
1859,135.03
1860,136.27
1861,133.60
1862,132.34
1863,128.64
1864,115.20
1865,122.29
1866,118.40
1867,121.64
1868,136.41
1869,122.93
1870,113.90
1871,109.84
1872,126.27
1873,116.03
1874,130.58
1875,131.27
1876,132.00
1877,137.44
1878,136.95
1879,133.84
1880,130.93
1881,121.35
1882,122.21
1883,131.41
1884,116.71
1885,114.14
1886,127.47
1887,133.12
1888,121.69
1889,119.99
1890,117.92
1891,104.75
1892,103.98
1893,113.92
1894,100.63
1895,95.43
1896,103.54
1897,117.56
1898,116.36
1899,115.58
1900,132.16
1901,137.61
1902,135.61
1903,133.97
1904,126.12
1905,119.75
1906,132.20
1907,119.90
1908,124.90
1909,119.90
1910,122.73
1911,109.52
1912,107.48
1913,126.87
1914,126.57
1915,108.22
1916,118.20
1917,110.79
1918,139.56
1919,134.40
1920,123.50
1921,137.82
1922,122.12
1923,135.70
1924,134.15
1925,123.83
1926,120.82
1927,110.26
1928,137.53
1929,121.72
1930,124.86
1931,137.32
1932,122.64
1933,106.64
1934,127.35
1935,120.09
1936,124.57
1937,130.38
1938,135.95
1939,131.36
1940,119.74
1941,141.24
1942,116.53
1943,99.33
1944,107.14
1945,123.40
1946,115.04
1947,117.20
1948,128.00
1949,114.70
1950,107.76
1951,117.63
1952,111.23
1953,112.65
1954,114.03
1955,113.37
1956,110.48
1957,112.72
1958,132.50
1959,107.72
1960,110.71
1961,104.95
1962,115.72
1963,125.74
1964,115.12
1965,117.95
1966,113.30
1967,100.39
1968,109.90
1969,116.69
1970,105.23
1971,113.95
1972,112.84
1973,113.26
1974,112.13
1975,128.33
1976,123.60
1977,120.09
1978,116.66
1979,107.99
1980,110.25
1981,114.41
1982,119.11
1983,113.19
1984,119.58
1985,119.39
1986,125.18
1987,115.00
1988,114.32
1989,110.90
1990,109.72
1991,118.07
1992,123.56
1993,112.84
1994,112.74
1995,116.64
1996,131.03
1997,135.01
1998,130.67
1999,131.91
2000,121.68
2001,133.76
2002,136.60
2003,122.89
2004,113.88
2005,115.18
2006,144.47
2007,124.51
2008,113.81
2009,116.95
2010,109.46
2011,114.27
2012,113.03
2013,113.40
2014,115.59
2015,109.53
2016,107.49
2017,137.53
2018,127.52
2019,127.01
2020,117.25
2021,117.40
2022,113.00
2023,127.33
2024,136.18
2025,137.42
2026,131.81
2027,135.48
2028,134.50
2029,134.02
2030,123.39
2031,105.45
2032,114.29
2033,115.48
2034,128.78
2035,136.50
2036,129.24
2037,128.79
2038,133.24
2039,131.27
2040,111.94
2041,125.54
2042,121.02
2043,112.84
2044,112.59
2045,121.24
2046,118.51
2047,114.92
2048,113.95
2049,111.64
2050,122.02
2051,132.95
2052,113.42
2053,123.38
2054,120.97
2055,120.09
2056,116.28
2057,108.65
2058,119.42
2059,111.27
2060,116.70
2061,135.21
2062,125.70
2063,137.17
2064,136.09
2065,134.18
2066,135.52
2067,136.41
2068,131.36
2069,135.11
2070,133.27
2071,135.86
2072,119.53
2073,118.97
2074,117.60
2075,132.01
2076,130.56
2077,133.70
2078,125.71
2079,112.95
2080,114.25
2081,102.32
2082,113.70
2083,114.83
2084,127.47
2085,131.38
2086,131.87
2087,134.79
2088,133.87
2089,134.59
2090,136.25
2091,132.56
2092,135.88
2093,128.51
2094,135.94
2095,134.47
2096,110.47
2097,107.78
2098,117.78
2099,116.80
2100,115.33
2101,114.24
2102,122.76
2103,116.96
2104,117.98
2105,120.91
2106,135.78
2107,129.26
2108,136.00
2109,135.97
2110,132.42
2111,118.47
2112,113.54
2113,119.13
2114,125.66
2115,113.44
2116,128.14
2117,122.56
2118,136.75
2119,134.37
2120,132.21
2121,134.94
2122,117.20
2123,126.44
2124,114.34
2125,118.75
2126,113.94
2127,110.27
2128,112.44
2129,125.18
2130,129.89
2131,134.56
2132,133.21
2133,134.19
2134,116.84
2135,115.45
2136,117.36
2137,118.43
2138,113.83
2139,106.75
2140,106.94
2141,102.59
2142,122.93
2143,112.55
2144,109.68
2145,115.88
2146,107.97
2147,122.62
2148,89.01
2149,118.44
2150,127.76
2151,134.91
2152,137.27
2153,115.50
2154,125.62
2155,114.03
2156,103.58
2157,117.66
2158,117.28
2159,108.46
2160,103.55
2161,123.40
2162,131.77
2163,133.20
2164,131.12
2165,132.79
2166,116.26
2167,119.06
2168,118.15
2169,121.73
2170,113.26
2171,111.37
2172,111.29
2173,131.93
2174,116.84
2175,52.53
2176,112.64
2177,113.80
2178,101.88
2179,121.53
2180,112.61
2181,108.03
2182,108.99
2183,120.45
2184,127.05
2185,121.88
2186,117.44
2187,110.47
2188,108.18
2189,112.05
2190,111.89
2191,112.07
2192,114.10
2193,113.31
2194,116.81
2195,110.96
2196,122.65
2197,135.36
2198,133.32
2199,134.75
2200,132.86
2201,135.51
2202,146.48
2203,144.44
2204,128.82
2205,125.47
2206,137.34
2207,133.16
2208,132.36
2209,114.76
2210,117.83
2211,114.55
2212,117.73
2213,109.51
2214,113.68
2215,118.27
2216,114.36
2217,115.50
2218,124.44
2219,132.65
2220,133.10
2221,132.58
2222,129.19
2223,122.91
2224,111.82
2225,114.71
2226,123.85
2227,120.25
2228,114.70
2229,122.69
2230,114.55
2231,116.20
2232,120.23
2233,113.15
2234,109.47
2235,101.16
2236,116.84
2237,111.60
2238,112.22
2239,123.38
2240,119.94
2241,121.41
2242,116.59
2243,115.26
2244,122.30
2245,131.05
2246,112.52
2247,116.38
2248,123.23
2249,114.33
2250,119.64
2251,113.19
2252,135.53
2253,114.48
2254,119.49
2255,137.18
2256,134.75
2257,115.20
2258,135.23
2259,137.05
2260,131.30
2261,129.96
2262,113.75
2263,108.85
2264,103.93
2265,114.46
2266,113.92
2267,124.51
2268,113.56
2269,111.86
2270,133.35
2271,136.24
2272,132.57
2273,115.47
2274,123.34
2275,115.32
2276,118.04
2277,119.43
2278,113.76
2279,133.92
2280,121.47
2281,113.46
2282,118.13
2283,119.21
2284,125.19
2285,136.88
2286,137.01
2287,135.54
2288,136.52
2289,134.19
2290,135.53
2291,136.00
2292,130.41
2293,134.79
2294,137.58
2295,134.09
2296,125.13
2297,130.10
2298,112.26
2299,108.42
2300,126.53
2301,137.26
2302,114.93
2303,127.48
2304,115.36
2305,121.23
2306,117.49
2307,117.37
2308,133.42
2309,134.61
2310,132.45
2311,117.94
2312,125.38
2313,121.06
2314,117.75
2315,113.96
2316,102.52
2317,117.22
2318,121.76
2319,120.41
2320,135.35
2321,136.62
2322,132.78
2323,127.14
2324,135.46
2325,131.06
2326,130.83
2327,131.39
2328,123.39
2329,115.44
2330,121.16
2331,116.93
2332,119.60
2333,120.95
2334,110.69
2335,115.85
2336,129.74
2337,135.86
2338,134.10
2339,118.69
2340,115.72
2341,113.04
2342,118.29
2343,121.22
2344,117.71
2345,109.93
2346,132.21
2347,132.08
2348,128.21
2349,117.39
2350,132.18
2351,134.04
2352,137.07
2353,137.09
2354,130.08
2355,114.60
2356,115.25
2357,134.47
2358,135.82
2359,135.56
2360,135.03
2361,117.17
2362,130.47
2363,135.28
2364,136.53
2365,136.39
2366,136.67
2367,127.54
2368,135.03
2369,133.17
2370,112.80
2371,123.84
2372,116.36
2373,116.15
2374,117.13
2375,127.58
2376,104.23
2377,111.29
2378,120.32
2379,119.23
2380,119.53
2381,132.24
2382,114.03
2383,111.82
2384,117.56
2385,117.29
2386,135.81
2387,138.16
2388,135.42
2389,136.83
2390,135.27
2391,118.12
2392,112.23
2393,114.72
2394,118.51
2395,113.50
2396,111.16
2397,114.96
2398,123.71
2399,116.36
2400,118.98
2401,96.08
2402,111.23
2403,118.11
2404,121.85
2405,115.98
2406,107.49
2407,108.59
2408,109.93
2409,110.55
2410,110.05
2411,118.00
2412,110.84
2413,115.23
2414,121.35
2415,110.96
2416,122.26
2417,117.24
2418,110.19
2419,127.28
2420,105.19
2421,111.47
2422,113.50
2423,116.05
2424,122.63
2425,112.59
2426,127.82
2427,119.77
2428,137.63
2429,129.72
2430,118.74
2431,86.23
2432,109.11
2433,107.72
2434,88.90
2435,112.28
2436,120.18
2437,102.33
2438,101.36
2439,114.57
2440,108.87
2441,108.13
2442,112.56
2443,108.73
2444,101.21
2445,92.43
2446,133.81
2447,143.76
2448,124.30
2449,117.00
2450,108.28
2451,115.05
2452,103.70
2453,106.35
2454,121.89
2455,128.76
2456,110.43
2457,109.40
2458,121.33
2459,103.27
2460,116.37
2461,101.98
2462,110.48
2463,123.65
2464,123.96
2465,93.26
2466,113.60
2467,109.93
2468,100.85
2469,115.40
2470,112.65
2471,113.67
2472,110.76
2473,101.36
2474,130.32
2475,115.47
2476,116.07
2477,112.64
2478,118.65
2479,107.61
2480,112.53
2481,109.89
2482,101.15
2483,106.99
2484,132.37
2485,100.86
2486,117.09
2487,112.76
2488,112.71
2489,111.36
2490,107.72
2491,111.03
2492,123.65
2493,127.59
2494,101.19
2495,111.84
2496,113.77
2497,125.43
2498,115.83
2499,114.82
2500,118.98
2501,121.87
2502,113.22
2503,108.55
2504,106.12
2505,111.38
2506,101.52
2507,99.98
2508,114.71
2509,118.03
2510,126.51
2511,109.40
2512,113.66
2513,115.55
2514,112.92
2515,112.57
2516,104.00
2517,116.02
2518,113.22
2519,122.47
2520,127.84
2521,136.37
2522,127.36
2523,114.02
2524,135.46
2525,126.14
2526,120.98
2527,128.73
2528,116.55
2529,112.57
2530,121.04
2531,121.82
2532,130.42
2533,114.18
2534,117.17
2535,123.22
2536,112.56
2537,117.14
2538,127.29
2539,132.82
2540,124.84
2541,134.70
2542,115.79
2543,113.60
2544,117.91
2545,135.18
2546,119.77
2547,132.42
2548,134.67
2549,137.78
2550,114.34
2551,127.37
2552,113.44
2553,123.34
2554,125.30
2555,120.00
2556,117.06
2557,127.82
2558,120.69
2559,136.08
2560,124.49
2561,122.52
2562,121.19
2563,121.72
2564,122.24
2565,122.94
2566,135.35
2567,136.39
2568,138.60
2569,134.93
2570,137.39
2571,130.97
2572,136.54
2573,136.21
2574,138.23
2575,128.29
2576,110.32
2577,119.89
2578,132.15
2579,136.59
2580,135.92
2581,134.78
2582,135.77
2583,138.21
2584,116.88
2585,120.38
2586,127.98
2587,134.59
2588,130.36
2589,136.31
2590,132.58
2591,124.14
2592,137.17
2593,134.60
2594,116.67
2595,131.07
2596,108.23
2597,115.11
2598,117.43
2599,112.60
2600,113.81
2601,122.50
2602,109.17
2603,116.96
2604,116.05
2605,116.97
2606,106.98
2607,112.78
2608,113.22
2609,111.77
2610,115.92
2611,115.30
2612,117.67
2613,109.96
2614,111.97
2615,112.63
2616,102.36
2617,112.76
2618,114.98
2619,126.51
2620,119.97
2621,115.59
2622,113.11
2623,127.09
2624,121.77
2625,118.56
2626,117.67
2627,115.97
2628,118.28
2629,137.34
2630,132.18
2631,137.18
2632,115.41
2633,119.19
2634,134.50
2635,115.07
2636,131.87
2637,123.46
2638,130.66
2639,109.91
2640,111.73
2641,114.47
2642,132.78
2643,136.62
2644,135.08
2645,119.80
2646,115.35
2647,109.31
2648,104.70
2649,135.21
2650,135.83
2651,114.74
2652,122.35
2653,124.18
2654,135.14
2655,134.59
2656,137.60
2657,113.53
2658,135.42
2659,136.52
2660,136.73
2661,122.18
2662,125.05
2663,118.09
2664,119.25
2665,135.42
2666,118.01
2667,131.93
2668,134.16
2669,132.44
2670,136.28
2671,135.35
2672,136.18
2673,125.14
2674,121.82
2675,123.74
2676,122.92
2677,123.64
2678,121.51
2679,108.40
2680,135.11
2681,135.73
2682,136.27
2683,130.51
2684,112.25
2685,113.48
2686,115.75
2687,127.83
2688,137.04
2689,133.34
2690,134.76
2691,133.16
2692,132.58
2693,137.38
2694,127.79
2695,121.39
2696,121.83
2697,135.31
2698,135.44
2699,136.80
2700,130.44
2701,122.92
2702,121.75
2703,105.39
2704,132.58
2705,136.82
2706,137.32
2707,136.22
2708,137.12
2709,136.90
2710,121.19
2711,123.93
2712,115.78
2713,122.47
2714,136.41
2715,130.74
2716,122.37
2717,112.25
2718,125.90
2719,135.08
2720,136.32
2721,130.81
2722,123.08
2723,125.96
2724,112.87
2725,125.70
2726,135.18
2727,136.04
2728,115.34
2729,123.96
2730,113.15
2731,131.02
2732,135.74
2733,134.73
2734,133.28
2735,134.60
2736,133.43
2737,115.23
2738,124.44
2739,123.50
2740,137.12
2741,136.98
2742,123.02
2743,137.37
2744,132.30
2745,132.71
2746,120.95
2747,107.35
2748,125.43
2749,104.32
2750,123.45
2751,117.83
2752,125.72
2753,127.10
2754,130.09
2755,136.28
2756,133.55
2757,122.37
2758,136.41
2759,137.19
2760,111.59
2761,124.92
2762,113.64
2763,133.77
2764,136.00
2765,134.48
2766,133.43
2767,113.37
2768,112.81
2769,130.69
2770,113.46
2771,112.29
2772,121.06
2773,111.63
2774,115.84
2775,124.86
2776,126.36
2777,108.21
2778,109.34
2779,115.10
2780,115.69
2781,97.49
2782,111.10
2783,123.66
2784,132.77
2785,134.45
2786,129.93
2787,135.57
2788,135.19
2789,135.47
2790,111.02
2791,131.80
2792,112.76
2793,104.14
2794,119.64
2795,121.23
2796,117.82
2797,121.67
2798,130.90
2799,110.81
2800,119.46
2801,120.09
2802,121.42
2803,123.55
2804,121.97
2805,124.72
2806,135.69
2807,136.40
2808,135.90
2809,133.04
2810,122.02
2811,106.22
2812,137.34
2813,122.36
2814,122.17
2815,133.87
2816,135.12
2817,132.44
2818,99.82
2819,120.39
2820,135.26
2821,135.52
2822,136.36
2823,136.12
2824,126.55
2825,113.80
2826,129.76
2827,111.72
2828,132.94
2829,117.15
2830,133.35
2831,136.11
2832,131.42
2833,114.88
2834,110.39
2835,114.59
2836,117.67
2837,119.54
2838,109.09
2839,125.04
2840,123.54
2841,136.14
2842,134.91
2843,135.97
2844,131.67
2845,120.84
2846,120.43
2847,117.21
2848,104.84
2849,118.45
2850,119.20
2851,135.29
2852,135.17
2853,116.32
2854,113.27
2855,123.00
2856,119.59
2857,124.76
2858,117.36
2859,118.68
2860,122.85
2861,122.19
2862,115.85
2863,136.36
2864,130.74
2865,136.08
2866,124.86
2867,110.34
2868,119.68
2869,131.45
2870,115.68
2871,137.49
2872,134.64
2873,137.63
2874,133.02
2875,127.16
2876,122.37
2877,124.20
2878,121.11
2879,120.93
2880,134.63
2881,136.88
2882,135.51
2883,135.99
2884,131.94
2885,111.74
2886,128.36
2887,132.45
2888,135.82
2889,135.59
2890,114.39
2891,113.15
2892,127.96
2893,134.32
2894,137.24
2895,137.56
2896,136.70
2897,137.89
2898,125.87
2899,135.88
2900,131.76
2901,135.14
2902,131.76
2903,120.72
2904,122.56
2905,133.88
2906,102.07
2907,131.47
2908,107.04
2909,123.62
2910,131.05
2911,134.00
2912,118.17
2913,115.42
2914,111.53
2915,103.16
2916,113.73
2917,111.11
2918,112.34
2919,119.59
2920,107.58
2921,115.95
2922,116.97
2923,133.68
2924,135.09
2925,135.32
2926,115.79
2927,133.72
2928,135.87
2929,135.31
2930,126.20
2931,120.29
2932,122.67
2933,134.08
2934,134.83
2935,136.56
2936,119.53
2937,122.10
2938,114.09
2939,120.66
2940,115.10
2941,122.86
2942,120.96
2943,115.61
2944,123.30
2945,113.99
2946,118.76
2947,115.32
2948,136.59
2949,115.33
2950,136.40
2951,134.54
2952,121.99
2953,138.84
2954,115.48
2955,132.96
2956,111.58
2957,111.32
2958,107.62
2959,109.18
2960,118.95
2961,116.70
2962,116.07
2963,111.64
2964,111.44
2965,112.07
2966,114.97
2967,126.99
2968,124.42
2969,116.39
2970,103.97
2971,128.49
2972,100.08
2973,116.68
2974,118.53
2975,118.14
2976,105.63
2977,128.86
2978,111.94
2979,124.21
2980,107.78
2981,111.62
2982,113.28
2983,116.94
2984,111.59
2985,112.02
2986,77.48
2987,128.61
2988,117.80
2989,111.36
2990,105.08
2991,120.71
2992,122.35
2993,117.44
2994,126.51
2995,126.42
2996,116.20
2997,108.42
2998,122.11
2999,105.32
3000,106.24
3001,97.64
3002,91.71
3003,128.19
3004,136.02
3005,130.81
3006,135.60
3007,134.60
3008,127.15
3009,133.01
3010,136.01
3011,114.16
3012,116.07
3013,128.43
3014,101.60
3015,115.83
3016,114.92
3017,114.83
3018,124.27
3019,116.09
3020,116.21
3021,123.34
3022,91.06
3023,113.50
3024,114.88
3025,116.66
3026,115.13
3027,114.13
3028,108.89
3029,98.25
3030,110.82
3031,112.87
3032,116.25
3033,128.97
3034,109.38
3035,115.56
3036,108.34
3037,107.63
3038,111.07
3039,112.49
3040,112.91
3041,112.42
3042,108.78
3043,112.72
3044,113.91
3045,108.73
3046,110.43
3047,109.65
3048,108.26
3049,117.37
3050,105.25
3051,131.95
3052,135.06
3053,118.96
3054,126.98
3055,126.02
3056,119.09
3057,133.98
3058,132.31
3059,126.98
3060,133.93
3061,128.47
3062,126.60
3063,132.30
3064,132.90
3065,108.94
3066,122.07
3067,116.78
3068,121.42
3069,135.54
3070,115.43
3071,115.62
3072,114.88
3073,115.68
3074,107.88
3075,109.04
3076,112.73
3077,110.50
3078,112.54
3079,111.88
3080,114.78
3081,115.99
3082,113.27
3083,114.04
3084,112.26
3085,113.29
3086,101.36
3087,107.67
3088,111.89
3089,95.70
3090,110.29
3091,95.82
3092,117.75
3093,117.91
3094,127.61
3095,115.48
3096,133.22
3097,135.27
3098,117.01
3099,117.38
3100,130.31
3101,108.31
3102,105.85
3103,117.20
3104,120.76
3105,131.70
3106,130.28
3107,128.55
3108,134.67
3109,136.58
3110,111.88
3111,115.33
3112,125.57
3113,131.45
3114,132.31
3115,119.09
3116,110.04
3117,112.35
3118,117.86
3119,121.34
3120,117.49
3121,121.17
3122,111.69
3123,90.82
3124,132.36
3125,132.92
3126,117.60
3127,120.70
3128,134.30
3129,131.88
3130,133.82
3131,132.96
3132,130.76
3133,136.32
3134,132.78
3135,132.55
3136,117.40
3137,114.03
3138,117.63
3139,112.78
3140,117.40
3141,134.70
3142,119.69
3143,119.70
3144,117.08
3145,104.78
3146,102.72
3147,116.26
3148,115.85
3149,121.19
3150,133.17
3151,118.36
3152,118.71
3153,118.78
3154,117.36
3155,117.96
3156,115.14
3157,125.22
3158,117.18
3159,119.11
3160,120.73
3161,107.01
3162,115.86
3163,115.19
3164,113.45
3165,114.92
3166,115.16
3167,115.94
3168,115.47
3169,119.53
3170,132.14
3171,134.22
3172,129.92
3173,116.99
3174,123.69
3175,101.86
3176,133.89
3177,136.30
3178,126.23
3179,131.37
3180,128.79
3181,130.85
3182,133.23
3183,116.84
3184,112.05
3185,114.29
3186,119.34
3187,108.10
3188,108.54
3189,122.30
3190,116.67
3191,125.82
3192,115.41
3193,136.28
3194,130.16
3195,119.96
3196,129.51
3197,126.14
3198,130.63
3199,128.31
3200,130.16
3201,116.43
3202,117.64
3203,114.96
3204,115.45
3205,122.94
3206,119.55
3207,137.46
3208,133.26
3209,134.34
3210,113.90
3211,118.70
3212,112.76
3213,116.08
3214,116.80
3215,120.55
3216,101.75
3217,117.77
3218,113.13
3219,126.54
3220,115.71
3221,116.44
3222,113.14
3223,110.58
3224,131.69
3225,112.30
3226,113.55
3227,126.51
3228,128.57
3229,129.69
3230,123.33
3231,139.45
3232,134.50
3233,120.28
3234,109.45
3235,101.58
3236,120.40
3237,125.72
3238,117.81
3239,113.15
3240,110.75
3241,126.27
3242,121.15
3243,128.60
3244,122.10
3245,124.03
3246,119.96
3247,114.31
3248,105.30
3249,128.65
3250,115.49
3251,119.01
3252,123.06
3253,121.37
3254,121.11
3255,127.56
3256,120.63
3257,111.89
3258,122.19
3259,111.34
3260,108.17
3261,115.81
3262,137.57
3263,134.57
3264,135.26
3265,132.17
3266,126.55
3267,132.58
3268,133.31
3269,126.53
3270,136.41
3271,134.06
3272,127.36
3273,131.04
3274,135.46
3275,136.05
3276,120.22
3277,125.30
3278,102.90
3279,115.73
3280,106.40
3281,104.67
3282,123.81
3283,122.07
3284,111.60
3285,137.70
3286,128.04
3287,119.18
3288,116.09
3289,119.04
3290,106.05
3291,129.80
3292,115.46
3293,125.67
3294,127.70
3295,122.08
3296,122.80
3297,116.93
3298,124.13
3299,113.33
3300,104.68
3301,110.85
3302,111.15
3303,108.81
3304,109.09
3305,126.13
3306,117.32
3307,125.30
3308,108.95
3309,106.23
3310,120.50
3311,125.45
3312,129.61
3313,133.10
3314,125.70
3315,135.05
3316,120.96
3317,129.04
3318,112.28
3319,108.21
3320,128.14
3321,128.71
3322,128.56
3323,131.11
3324,121.94
3325,122.29
3326,122.01
3327,117.09
3328,117.91
3329,131.05
3330,127.32
3331,129.18
3332,123.28
3333,124.70
3334,114.53
3335,111.04
3336,112.58
3337,111.13
3338,112.82
3339,111.32
3340,116.51
3341,112.55
3342,118.80
3343,114.14
3344,113.68
3345,113.94
3346,119.70
3347,121.23
3348,119.12
3349,126.20
3350,124.40
3351,131.92
3352,125.76
3353,117.82
3354,119.98
3355,127.23
3356,113.65
3357,107.76
3358,122.05
3359,110.46
3360,123.73
3361,126.34
3362,127.45
3363,123.63
3364,116.90
3365,104.65
3366,104.09
3367,115.91
3368,123.58
3369,100.07
3370,119.42
3371,112.65
3372,115.72
3373,110.55
3374,118.34
3375,123.16
3376,124.19
3377,128.33
3378,101.27
3379,100.51
3380,107.14
3381,118.08
3382,111.75
3383,102.69
3384,109.98
3385,116.65
3386,127.99
3387,125.08
3388,118.35
3389,118.46
3390,124.39
3391,108.28
3392,97.70
3393,106.18
3394,106.12
3395,112.82
3396,103.82
3397,120.61
3398,128.80
3399,119.11
3400,124.02
3401,122.80
3402,117.70
3403,106.42
3404,106.32
3405,107.21
3406,115.81
3407,124.30
3408,123.75
3409,114.54
3410,120.19
3411,133.61
3412,127.68
3413,121.04
3414,121.03
3415,128.52
3416,113.92
3417,120.82
3418,121.44
3419,115.50
3420,114.40
3421,107.02
3422,121.03
3423,105.02
3424,112.48
3425,115.39
3426,109.75
3427,113.04
3428,122.93
3429,99.18
3430,107.74
3431,119.02
3432,120.92
3433,116.24
3434,116.37
3435,114.72
3436,110.71
3437,109.00
3438,115.98
3439,120.44
3440,113.36
3441,114.93
3442,99.14
3443,94.40
3444,122.94
3445,126.00
3446,108.73
3447,123.84
3448,128.87
3449,126.81
3450,119.36
3451,107.54
3452,115.96
3453,130.71
3454,128.08
3455,111.77
3456,94.89
3457,122.36
3458,119.49
3459,116.54
3460,122.58
3461,118.35
3462,126.59
3463,123.61
3464,116.61
3465,101.64
3466,120.82
3467,124.85
3468,116.31
3469,127.68
3470,128.83
3471,123.60
3472,119.17
3473,119.47
3474,120.95
3475,105.85
3476,117.14
3477,104.43
3478,120.41
3479,90.67
3480,110.55
3481,107.73
3482,109.79
3483,111.98
3484,127.34
3485,127.96
3486,117.57
3487,119.44
3488,120.41
3489,108.63
3490,107.60
3491,116.69
3492,105.20
3493,112.39
3494,122.09
3495,123.04
3496,101.11
3497,109.98
3498,95.93
3499,122.39
3500,123.48
3501,96.28
3502,108.25
3503,120.11
3504,109.00
3505,112.50
3506,127.57
3507,127.79
3508,121.43
3509,117.77
3510,117.48
3511,110.98
3512,118.38
3513,109.80
3514,112.71
3515,109.82
3516,119.71
3517,109.06
3518,123.36
3519,114.95
3520,112.08
3521,119.25
3522,123.40
3523,120.78
3524,127.95
3525,113.39
3526,111.95
3527,109.25
3528,125.52
3529,116.12
3530,113.90
3531,126.83
3532,114.25
3533,124.05
3534,127.46
3535,129.50
3536,133.26
3537,129.67
3538,119.94
3539,130.60
3540,129.11
3541,128.98
3542,129.23
3543,108.38
3544,105.80
3545,107.00
3546,118.32
3547,122.91
3548,132.18
3549,128.18
3550,120.05
3551,104.01
3552,118.35
3553,115.27
3554,119.18
3555,114.45
3556,113.14
3557,115.05
3558,116.18
3559,117.24
3560,102.59
3561,108.87
3562,130.96
3563,131.96
3564,127.97
3565,112.22
3566,108.83
3567,131.51
3568,127.70
3569,130.03
3570,130.52
3571,126.99
3572,129.41
3573,119.47
3574,123.50
3575,91.14
3576,98.89
3577,105.89
3578,110.29
3579,119.15
3580,117.76
3581,125.09
3582,127.57
3583,123.62
3584,130.51
3585,105.15
3586,105.32
3587,108.70
3588,96.35
3589,105.77
3590,121.16
3591,104.70
3592,107.64
3593,105.19
3594,123.42
3595,127.73
3596,123.48
3597,112.34
3598,110.92
3599,96.33
3600,105.96
3601,110.02
3602,96.52
3603,127.11
3604,127.10
3605,101.12
3606,107.38
3607,120.53
3608,123.69
3609,104.06
3610,116.82
3611,100.46
3612,114.94
3613,111.57
3614,126.78
3615,126.12
3616,120.56
3617,129.00
3618,128.45
3619,122.36
3620,119.50
3621,115.05
3622,121.14
3623,132.12
3624,124.02
3625,125.53
3626,131.73
3627,123.12
3628,124.87
3629,118.86
3630,128.77
3631,126.09
3632,134.04
3633,121.12
3634,131.86
3635,130.18
3636,128.01
3637,112.32
3638,106.44
3639,116.72
3640,105.01
3641,104.31
3642,108.23
3643,112.14
3644,114.02
3645,119.32
3646,104.64
3647,97.55
3648,122.66
3649,120.06
3650,117.72
3651,116.73
3652,122.11
3653,121.84
3654,127.84
3655,123.40
3656,126.50
3657,126.50
3658,122.87
3659,126.17
3660,120.78
3661,117.98
3662,121.39
3663,128.77
3664,130.42
3665,125.30
3666,130.61
3667,123.41
3668,127.60
3669,128.92
3670,130.38
3671,121.21
3672,125.49
3673,125.62
3674,129.33
3675,133.35
3676,134.49
3677,130.52
3678,126.35
3679,132.99
3680,133.84
3681,129.56
3682,131.93
3683,128.14
3684,129.89
3685,126.48
3686,122.54
3687,114.98
3688,105.85
3689,109.78
3690,115.82
3691,115.56
3692,108.44
3693,108.65
3694,112.52
3695,110.16
3696,112.36
3697,111.49
3698,120.82
3699,103.90
3700,111.32
3701,124.14
3702,133.49
3703,133.20
3704,133.12
3705,136.41
3706,128.08
3707,133.15
3708,130.64
3709,128.38
3710,111.67
3711,112.33
3712,109.98
3713,114.43
3714,110.59
3715,113.17
3716,110.77
3717,112.90
3718,104.23
3719,117.28
3720,127.65
3721,127.03
3722,106.98
3723,134.50
3724,101.94
3725,95.92
3726,85.39
3727,124.69
3728,130.98
3729,119.59
3730,121.87
3731,125.91
3732,122.71
3733,106.93
3734,92.97
3735,94.22
3736,103.12
3737,97.78
3738,128.38
3739,93.67
3740,105.15
3741,103.39
3742,107.14
3743,122.91
3744,122.47
3745,114.16
3746,102.30
3747,113.65
3748,118.26
3749,125.23
3750,124.58
3751,109.32
3752,126.92
3753,114.15
3754,123.56
3755,88.47
3756,103.93
3757,119.18
3758,119.37
3759,130.81
3760,117.10
3761,125.64
3762,123.41
3763,122.48
3764,108.02
3765,84.95
3766,98.85
3767,124.57
3768,98.67
3769,119.24
3770,126.68
3771,102.37
3772,124.62
3773,118.75
3774,113.40
3775,121.70
3776,118.81
3777,104.06
3778,124.27
3779,127.01
3780,113.17
3781,119.09
3782,111.99
3783,109.24
3784,119.05
3785,106.46
3786,118.87
3787,126.37
3788,127.68
3789,101.90
3790,109.52
3791,108.16
3792,114.43
3793,128.10
3794,117.25
3795,119.78
3796,122.12
3797,122.20
3798,125.29
3799,121.34
3800,122.46
3801,122.69
3802,118.76
3803,108.50
3804,101.96
3805,118.89
3806,125.95
3807,124.00
3808,120.40
3809,124.87
3810,112.59
3811,105.20
3812,100.45
3813,121.11
3814,106.39
3815,128.01
3816,104.87
3817,117.09
3818,99.40
3819,102.37
3820,111.11
3821,118.10
3822,110.86
3823,113.51
3824,106.50
3825,105.98
3826,104.67
3827,116.59
3828,114.88
3829,107.82
3830,126.03
3831,112.04
3832,117.93
3833,108.36
3834,121.33
3835,119.70
3836,104.23
3837,109.40
3838,110.78
3839,121.86
3840,111.13
3841,110.21
3842,121.72
3843,112.50
3844,113.70
3845,115.50
3846,104.03
3847,121.51
3848,125.48
3849,105.32
3850,118.57
3851,97.60
3852,109.39
3853,98.48
3854,104.75
3855,88.65
3856,95.16
3857,97.71
3858,96.74
3859,97.80
3860,126.68
3861,107.19
3862,132.58
3863,128.53
3864,124.02
3865,120.93
3866,116.15
3867,129.28
3868,131.21
3869,133.30
3870,101.27
3871,81.89
3872,82.78
3873,100.59
3874,104.95
3875,101.96
3876,116.69
3877,113.52
3878,123.29
3879,120.13
3880,109.99
3881,102.09
3882,100.27
3883,130.21
3884,98.58
3885,130.34
3886,125.97
3887,126.22
3888,127.69
3889,129.62
3890,130.22
3891,129.59
3892,122.05
3893,109.19
3894,107.27
3895,107.46
3896,118.46
3897,116.42
3898,127.92
3899,117.31
3900,116.68
3901,117.92
3902,127.11
3903,111.53
3904,121.45
3905,110.76
3906,130.93
3907,123.94
3908,117.82
3909,119.78
3910,120.10
3911,126.41
3912,130.44
3913,119.28
3914,112.38
3915,122.78
3916,107.93
3917,113.51
3918,128.14
3919,123.63
3920,116.07
3921,114.48
3922,118.68
3923,116.65
3924,102.13
3925,101.42
3926,121.37
3927,120.88
3928,124.33
3929,112.48
3930,119.30
3931,99.89
3932,110.73
3933,114.91
3934,98.76
3935,116.53
3936,106.10
3937,115.88
3938,107.84
3939,119.02
3940,118.54
3941,116.29
3942,116.12
3943,108.34
3944,107.03
3945,126.98
3946,122.16
3947,98.04
3948,118.24
3949,121.86
3950,114.65
3951,108.71
3952,105.17
3953,103.35
3954,108.72
3955,102.67
3956,128.52
3957,122.63
3958,118.03
3959,108.09
3960,114.75
3961,128.01
3962,125.96
3963,111.98
3964,117.23
3965,115.92
3966,110.46
3967,117.66
3968,102.68
3969,102.73
3970,110.45
3971,111.77
3972,100.81
3973,123.36
3974,121.96
3975,109.13
3976,120.24
3977,120.18
3978,126.50
3979,123.23
3980,115.26
3981,114.52
3982,117.29
3983,106.89
3984,122.58
3985,123.47
3986,110.73
3987,120.39
3988,76.11
3989,122.04
3990,119.20
3991,125.15
3992,116.22
3993,126.53
3994,117.10
3995,117.01
3996,98.04
3997,122.38
3998,115.34
3999,110.84
4000,117.11
4001,126.54
4002,117.83
4003,126.10
4004,105.76
4005,119.79
4006,124.48
4007,119.17
4008,117.85
4009,116.98
4010,115.24
4011,122.82
4012,117.58
4013,127.58
4014,125.00
4015,118.07
4016,107.77
4017,110.71
4018,111.83
4019,109.60
4020,110.41
4021,124.54
4022,111.33
4023,111.61
4024,116.37
4025,113.91
4026,122.38
4027,123.87
4028,119.93
4029,118.47
4030,108.61
4031,110.91
4032,117.76
4033,111.05
4034,108.86
4035,106.32
4036,114.87
4037,119.42
4038,121.84
4039,112.04
4040,124.96
4041,119.56
4042,116.32
4043,125.40
4044,115.93
4045,110.05
4046,117.90
4047,127.24
4048,127.71
4049,122.82
4050,129.40
4051,118.97
4052,127.28
4053,125.05
4054,109.46
4055,130.90
4056,122.51
4057,112.81
4058,133.79
4059,127.72
4060,128.45
4061,120.31
4062,111.58
4063,117.06
4064,115.85
4065,123.00
4066,123.07
4067,133.09
4068,128.30
4069,130.46
4070,132.65
4071,134.02
4072,127.95
4073,117.42
4074,21.57
4075,118.80
4076,129.06
4077,117.22
4078,117.24
4079,108.74
4080,24.52
4081,105.16
4082,113.06
4083,124.46
4084,125.87
4085,111.84
4086,107.18
4087,117.42
4088,104.54
4089,120.82
4090,124.53
4091,108.06
4092,100.48
4093,120.84
4094,120.98
4095,119.50
4096,115.98
4097,115.24
4098,115.61
4099,109.26
4100,126.95
4101,122.25
4102,124.35
4103,122.23
4104,123.83
4105,118.92
4106,111.50
4107,113.11
4108,119.52
4109,97.38
4110,117.07
4111,121.29
4112,96.96
4113,111.50
4114,113.32
4115,111.72
4116,118.57
4117,128.18
4118,126.60
4119,121.59
4120,103.28
4121,121.00
4122,120.37
4123,119.95
4124,123.78
4125,111.91
4126,98.19
4127,110.51
4128,109.56
4129,119.74
4130,114.63
4131,107.31
4132,109.57
4133,127.71
4134,128.99
4135,112.40
4136,119.09
4137,109.62
4138,120.98
4139,103.50
4140,107.19
4141,120.15
4142,126.34
4143,111.29
4144,98.69
4145,100.15
4146,107.01
4147,119.13
4148,103.44
4149,127.31
4150,110.17
4151,109.72
4152,125.31
4153,108.80
4154,105.98
4155,97.41
4156,102.20
4157,123.79
4158,123.63
4159,107.69
4160,104.54
4161,105.24
4162,103.55
4163,130.63
4164,102.63
4165,101.83
4166,113.93
4167,102.64
4168,112.06
4169,123.99
4170,111.38
4171,107.38
4172,117.52
4173,106.33
4174,93.66
4175,115.28
4176,103.85
4177,118.39
4178,115.36
4179,102.75
4180,97.85
4181,102.76
4182,113.97
4183,121.21
4184,122.56
4185,104.35
4186,107.61
4187,127.91
4188,102.51
4189,118.65
4190,106.73
4191,115.86
4192,106.20
4193,98.29
4194,103.65
4195,102.01
4196,95.95
4197,97.64
4198,101.71
4199,112.50
4200,106.23
4201,109.51
4202,120.13
4203,113.95
4204,106.69
4205,119.50
4206,104.29
4207,121.93
4208,103.31
4209,107.70
4210,105.05
4211,103.26
4212,108.08
4213,95.25
4214,106.95
4215,106.12
4216,98.32
4217,95.00
4218,101.01
4219,93.76
4220,112.97
4221,99.15
4222,107.71
4223,107.91
4224,105.35
4225,99.07
4226,94.66
4227,100.34
4228,108.46
4229,99.89
4230,110.33
4231,109.48
4232,100.91
4233,113.55
4234,104.05
4235,111.82
4236,99.68
4237,103.71
4238,108.12
4239,112.75
4240,110.68
4241,123.25
4242,117.68
4243,105.93
4244,103.93
4245,99.11
4246,102.28
4247,111.57
4248,102.99
4249,112.52
4250,122.75
4251,117.26
4252,109.21
4253,137.37
4254,127.11
4255,125.84
4256,130.27
4257,122.02
4258,123.52
4259,112.84
4260,119.63
4261,118.86
4262,123.84
4263,117.54
4264,118.05
4265,103.76
4266,116.08
4267,105.91
4268,109.95
4269,112.66
4270,96.63
4271,127.31
4272,117.01
4273,96.85
4274,98.72
4275,100.73
4276,99.30
4277,115.34
4278,105.52
4279,102.13
4280,102.88
4281,110.21
4282,109.76
4283,99.11
4284,123.35
4285,98.23
4286,117.43
4287,120.38
4288,112.00
4289,108.06
4290,118.36
4291,100.30
4292,104.16
4293,112.66
4294,120.69
4295,112.53
4296,132.55
4297,113.66
4298,110.46
4299,112.61
4300,114.76
4301,100.00
4302,106.61
4303,122.22
4304,122.03
4305,118.02
4306,104.04
4307,118.90
4308,112.70
4309,98.94
4310,99.80
4311,96.99
4312,100.53
4313,95.95
4314,107.58
4315,124.32
4316,123.40
4317,124.15
4318,126.70
4319,131.35
4320,130.76
4321,120.02
4322,121.16
4323,110.07
4324,123.73
4325,110.18
4326,108.16
4327,109.64
4328,111.10
4329,103.98
4330,104.88
4331,113.60
4332,121.73
4333,122.83
4334,125.29
4335,105.80
4336,97.51
4337,107.91
4338,102.24
4339,107.75
4340,112.48
4341,108.88
4342,94.52
4343,96.96
4344,95.26
4345,117.86
4346,95.16
4347,110.02
4348,129.15
4349,91.75
4350,94.73
4351,94.25
4352,103.41
4353,108.86
4354,127.54
4355,112.50
4356,113.30
4357,115.24
4358,123.11
4359,115.47
4360,114.74
4361,120.81
4362,123.40
4363,117.78
4364,125.25
4365,113.33
4366,109.74
4367,108.40
4368,111.73
4369,120.47
4370,117.67
4371,125.07
4372,121.79
4373,115.71
4374,115.87
4375,116.31
4376,123.78
4377,119.16
4378,120.97
4379,118.05
4380,113.91
4381,110.58
4382,114.23
4383,121.40
4384,116.52
4385,115.30
4386,119.34
4387,122.62
4388,112.98
4389,113.68
4390,126.74
4391,126.21
4392,126.36
4393,132.23
4394,128.97
4395,127.54
4396,121.70
4397,116.63
4398,118.23
4399,115.95
4400,120.05
4401,95.94
4402,121.83
4403,120.62
4404,122.00
4405,109.46
4406,116.86
4407,107.15
4408,111.72
4409,115.03
4410,123.12
4411,108.40
4412,115.98
4413,109.93
4414,94.64
4415,108.17
4416,106.76
4417,113.23
4418,119.50
4419,108.14
4420,120.98
4421,125.23
4422,125.61
4423,110.98
4424,113.85
4425,101.52
4426,111.88
4427,110.18
4428,109.76
4429,122.54
4430,119.95
4431,118.05
4432,112.00
4433,111.24
4434,112.37
4435,99.25
4436,111.41
4437,122.26
4438,123.52
4439,106.47
4440,113.29
4441,124.47
4442,126.14
4443,122.24
4444,111.72
4445,126.66
4446,117.92
4447,118.63
4448,116.81
4449,115.41
4450,107.39
4451,108.37
4452,111.67
4453,132.52
4454,129.91
4455,129.00
4456,118.21
4457,106.26
4458,119.83
4459,122.84
4460,119.74
4461,122.02
4462,123.74
4463,113.56
4464,116.74
4465,111.27
4466,111.29
4467,121.97
4468,125.13
4469,140.01
4470,118.49
4471,129.23
4472,138.52
4473,128.99
4474,124.27
4475,115.64
4476,112.86
4477,107.98
4478,115.04
4479,122.48
4480,95.53
4481,112.31
4482,124.75
4483,113.97
4484,112.85
4485,115.65
4486,112.02
4487,112.53
4488,124.65
4489,124.15
4490,112.64
4491,116.67
4492,107.46
4493,103.76
4494,99.81
4495,118.36
4496,119.97
4497,121.37
4498,115.03
4499,121.06
4500,112.11
4501,99.36
4502,100.20
4503,122.78
4504,118.47
4505,118.12
4506,113.24
4507,127.53
4508,108.08
4509,114.23
4510,103.53
4511,114.01
4512,100.35
4513,114.36
4514,126.29
4515,126.77
4516,112.00
4517,115.43
4518,127.25
4519,110.53
4520,111.27
4521,98.96
4522,93.80
4523,100.96
4524,109.15
4525,107.76
4526,115.87
4527,111.03
4528,123.80
4529,122.34
4530,118.02
4531,111.56
4532,112.86
4533,125.57
4534,112.80
4535,128.66
4536,110.68
4537,101.37
4538,100.27
4539,121.77
4540,112.41
4541,107.93
4542,124.07
4543,128.29
4544,130.62
4545,123.50
4546,123.80
4547,117.82
4548,104.87
4549,110.99
4550,114.02
4551,106.84
4552,116.18
4553,96.00
4554,100.04
4555,113.56
4556,115.62
4557,112.02
4558,111.89
4559,113.54
4560,111.09
4561,121.51
4562,100.13
4563,115.82
4564,108.86
4565,98.58
4566,92.65
4567,94.95
4568,119.50
4569,120.03
4570,109.78
4571,119.68
4572,128.65
4573,93.06
4574,113.07
4575,120.00
4576,105.52
4577,99.13
4578,117.13
4579,111.59
4580,123.36
4581,123.56
4582,115.50
4583,124.29
4584,112.34
4585,118.37
4586,100.67
4587,110.34
4588,112.79
4589,112.32
4590,121.67
4591,102.09
4592,103.81
4593,103.28
4594,114.88
4595,94.62
4596,104.87
4597,122.92
4598,107.73
4599,113.16
4600,102.39
4601,101.48
4602,103.58
4603,100.74
4604,107.04
4605,109.80
4606,95.31
4607,120.33
4608,117.08
4609,119.35
4610,88.55
4611,104.22
4612,108.35
4613,101.24
4614,119.04
4615,90.68
4616,110.55
4617,107.63
4618,112.55
4619,119.78
4620,123.01
4621,107.54
4622,111.82
4623,102.14
4624,132.20
4625,106.64
4626,98.55
4627,99.68
4628,117.53
4629,104.78
4630,110.19
4631,123.18
4632,105.19
4633,108.86
4634,118.74
4635,100.61
4636,123.30
4637,119.77
4638,113.95
4639,103.41
4640,126.07
4641,124.22
4642,113.52
4643,113.50
4644,118.52
4645,102.56
4646,114.28
4647,103.17
4648,110.75
4649,92.97
4650,94.39
4651,107.81
4652,93.32
4653,96.27
4654,118.05
4655,97.93
4656,102.70
4657,100.75
4658,102.87
4659,99.44
4660,123.28
4661,111.72
4662,98.37
4663,111.10
4664,98.28
4665,102.30
4666,111.08
4667,123.04
4668,110.75
4669,102.01
4670,90.48
4671,104.81
4672,110.00
4673,89.71
4674,101.67
4675,98.21
4676,101.79
4677,103.21
4678,107.49
4679,90.75
4680,101.09
4681,121.04
4682,110.05
4683,91.88
4684,110.15
4685,99.41
4686,91.92
4687,102.25
4688,109.75
4689,103.28
4690,111.74
4691,132.77
4692,102.05
4693,93.17
4694,112.98
4695,96.42
4696,94.69
4697,105.44
4698,101.91
4699,91.46
4700,94.71
4701,104.71
4702,101.57
4703,96.47
4704,114.52
4705,130.78
4706,128.99
4707,130.57
4708,131.23
4709,105.33
4710,103.31
4711,118.97
4712,109.91
4713,114.82
4714,112.47
4715,108.31
4716,109.28
4717,111.57
4718,122.10
4719,120.86
4720,106.83
4721,113.82
4722,100.07
4723,113.08
4724,103.82
4725,107.54
4726,119.16
4727,96.15
4728,101.38
4729,95.91
4730,102.59
4731,118.15
4732,109.70
4733,102.34
4734,120.98
4735,85.95
4736,106.50
4737,115.71
4738,114.37
4739,102.13
4740,125.86
4741,119.22
4742,100.43
4743,123.52
4744,108.84
4745,116.23
4746,124.13
4747,122.44
4748,129.17
4749,104.18
4750,95.97
4751,111.94
4752,103.93
4753,114.69
4754,78.69
4755,112.28
4756,116.29
4757,114.04
4758,97.03
4759,96.81
4760,122.71
4761,98.97
4762,113.04
4763,113.29
4764,104.00
4765,106.03
4766,95.75
4767,107.14
4768,93.07
4769,105.66
4770,105.51
4771,117.27
4772,110.37
4773,113.52
4774,124.48
4775,122.14
4776,118.24
4777,98.68
4778,104.00
4779,100.56
4780,108.49
4781,92.57
4782,118.17
4783,93.35
4784,121.86
4785,119.09
4786,110.72
4787,125.33
4788,123.46
4789,104.87
4790,103.92
4791,107.76
4792,114.65
4793,113.52
4794,112.60
4795,111.68
4796,107.59
4797,120.20
4798,103.35
4799,102.42
4800,107.52
4801,108.86
4802,110.90
4803,96.11
4804,116.43
4805,111.21
4806,109.51
4807,85.73
4808,121.49
4809,108.92
4810,98.80
4811,99.02
4812,123.78
4813,123.25
4814,109.56
4815,102.75
4816,106.79
4817,106.30
4818,115.64
4819,110.39
4820,116.00
4821,112.79
4822,123.51
4823,109.21
4824,125.86
4825,114.49
4826,121.32
4827,126.56
4828,112.90
4829,111.22
4830,117.26
4831,107.40
4832,105.45
4833,109.41
4834,115.16
4835,98.89
4836,98.91
4837,107.30
4838,104.22
4839,120.65
4840,123.55
4841,88.21
4842,107.58
4843,116.88
4844,101.99
4845,101.72
4846,119.20
4847,104.05
4848,105.11
4849,120.06
4850,99.98
4851,106.74
4852,102.89
4853,114.71
4854,115.42
4855,119.19
4856,117.14
4857,105.11
4858,85.55
4859,97.19
4860,95.32
4861,104.98
4862,118.48
4863,110.93
4864,116.63
4865,101.45
4866,111.14
4867,106.13
4868,117.94
4869,97.86
4870,107.56
4871,102.13
4872,110.66
4873,121.77
4874,112.00
4875,99.52
4876,112.62
4877,120.53
4878,112.29
4879,111.92
4880,128.30
4881,112.24
4882,95.43
4883,106.15
4884,91.89
4885,120.00
4886,116.34
4887,118.14
4888,107.94
4889,96.98
4890,108.56
4891,109.79
4892,113.05
4893,110.99
4894,121.80
4895,104.08
4896,115.93
4897,100.39
4898,117.69
4899,125.02
4900,108.39
4901,112.12
4902,115.24
4903,102.83
4904,108.10
4905,111.75
4906,107.10
4907,110.21
4908,111.06
4909,103.58
4910,110.15
4911,102.70
4912,119.93
4913,97.83
4914,105.36
4915,100.95
4916,92.01
4917,105.87
4918,119.14
4919,109.42
4920,124.04
4921,117.58
4922,107.36
4923,108.06
4924,104.19
4925,113.21
4926,111.97
4927,101.48
4928,96.76
4929,102.76
4930,108.51
4931,104.55
4932,106.52
4933,117.57
4934,107.35
4935,118.26
4936,113.42
4937,108.76
4938,116.26
4939,105.88
4940,124.55
4941,106.61
4942,105.28
4943,91.78
4944,112.57
4945,111.31
4946,103.70
4947,102.61
4948,104.61
4949,105.39
4950,108.15
4951,100.25
4952,111.26
4953,100.62
4954,105.10
4955,85.68
4956,114.54
4957,110.07
4958,115.03
4959,114.42
4960,110.35
4961,110.05
4962,118.28
4963,105.95
4964,105.47
4965,123.42
4966,108.71
4967,104.38
4968,94.58
4969,103.77
4970,98.62
4971,124.00
4972,121.71
4973,123.93
4974,106.17
4975,103.78
4976,118.65
4977,99.71
4978,107.45
4979,97.89
4980,85.04
4981,100.14
4982,97.69
4983,120.03
4984,103.68
4985,119.00
4986,106.21
4987,123.80
4988,110.01
4989,101.62
4990,96.21
4991,91.77
4992,105.62
4993,96.51
4994,104.11
4995,100.88
4996,107.52
4997,121.22
4998,118.33
4999,118.52
5000,120.27
